Rk,Player,Nation,Pos,Squad,Age,Born,90s,SCA,SCA90,PassLive,PassDead,Drib,Sh,Fld,GCA,GCA90,PassLive,PassDead,Drib,Sh,Fld,OG,Matches
1,Antonio Adán\Antonio-Adan,es ESP,GK,Atlético Madrid,32,1987,0.3,0,0.00,0,0,0,0,0,0,0.00,0,0,0,0,0,0,Matches
2,Aritz Aduriz\Aritz-Aduriz,es ESP,FW,Athletic Club,38,1981,2.3,2,0.87,1,0,1,0,0,0,0.00,0,0,0,0,0,0,Matches
3,Lumor Agbenyenu\Lumor-Agbenyenu,gh GHA,DF,Mallorca,22,1996,19.1,31,1.69,21,4,2,1,3,0,0.00,0,0,0,0,0,0,Matches
4,Martin Agirregabiria\Martin-Agirregabiria,es ESP,DF,Alavés,23,1996,22.3,20,0.90,16,1,2,0,1,3,0.13,3,0,0,0,0,0,Matches
5,Joseph Aidoo\Joseph-Aidoo,gh GHA,DF,Celta Vigo,23,1995,26.8,13,0.49,9,1,1,2,0,2,0.07,2,0,0,0,0,0,Matches
6,Jordi Alba\Jordi-Alba,es ESP,DF,Barcelona,30,1989,23.3,43,1.85,42,1,0,0,0,3,0.13,3,0,0,0,0,0,Matches
7,Raúl Albiol\Raul-Albiol,es ESP,DF,Villarreal,33,1985,35.0,16,0.46,16,0,0,0,0,1,0.03,1,0,0,0,0,0,Matches
8,Paco Alcácer\Paco-Alcacer,es ESP,FW,Villarreal,25,1993,10.3,16,1.56,14,0,0,1,1,3,0.29,2,0,0,0,1,0,Matches
9,Rubén Alcaraz\Ruben-Alcaraz,es ESP,MF,Valladolid,28,1991,20.4,43,2.11,23,6,5,4,5,3,0.15,3,0,0,0,0,0,Matches
10,Álex Alegría\Alex-Alegria,es ESP,FW,Mallorca,26,1992,1.2,1,0.83,0,0,0,0,1,0,0.00,0,0,0,0,0,0,Matches
11,Carles Aleñá\Carles-Alena,es ESP,MFFW,Betis,21,1998,7.4,11,1.50,11,0,0,0,0,1,0.14,1,0,0,0,0,0,Matches
12,Carles Aleñá\Carles-Alena,es ESP,MF,Barcelona,21,1998,1.9,2,1.05,2,0,0,0,0,1,0.52,1,0,0,0,0,0,Matches
13,Sergio Álvarez\Sergio-Alvarez,es ESP,GK,Celta Vigo,32,1986,2.0,0,0.00,0,0,0,0,0,0,0.00,0,0,0,0,0,0,Matches
14,Sergio Álvarez\Sergio-Alvarez,es ESP,MFDF,Eibar,27,1992,12.3,11,0.93,10,0,1,0,0,0,0.00,0,0,0,0,0,0,Matches
15,Yeray Álvarez\Yeray-Alvarez,es ESP,DF,Athletic Club,24,1995,31.2,17,0.56,16,0,0,0,1,1,0.03,1,0,0,0,0,0,Matches
16,Ibrahim Amadou\Ibrahim-Amadou,fr FRA,MF,Leganés,26,1993,7.7,2,0.29,2,0,0,0,0,0,0.00,0,0,0,0,0,0,Matches
17,Amath\Amath,sn SEN,MF,Getafe,23,1996,0.7,1,1.53,1,0,0,0,0,0,0.00,0,0,0,0,0,0,Matches
18,Miguel Ángel Guerrero\Miguel-Angel-Guerrero,es ESP,FW,Leganés,29,1990,8.3,14,1.77,10,0,1,0,3,1,0.13,0,0,0,0,1,0,Matches
19,Miguel Ángel Moyá\Miguel-Angel-Moya,es ESP,GK,Real Sociedad,35,1984,12.0,0,0.00,0,0,0,0,0,0,0.00,0,0,0,0,0,0,Matches
20,José Ángel\Jose-Angel,es ESP,DF,Eibar,29,1989,25.7,49,1.91,34,10,0,3,2,5,0.19,4,0,0,1,0,0,Matches
21,Antoñito\Antonito,es ESP,DFMF,Valladolid,31,1987,10.4,13,1.33,12,1,0,0,0,0,0.00,0,0,0,0,0,0,Matches
22,Vitorino Antunes\Vitorino-Antunes,pt POR,MF,Getafe,32,1987,0.1,0,0.00,0,0,0,0,0,0,0.00,0,0,0,0,0,0,Matches
23,Anuar\Anuar,ma MAR,MFFW,Valladolid,24,1995,2.1,2,0.95,2,0,0,0,0,0,0.00,0,0,0,0,0,0,Matches
24,Mauro Arambarri\Mauro-Arambarri,uy URU,MF,Getafe,23,1995,33.1,32,0.99,19,3,2,4,4,4,0.12,3,1,0,0,0,0,Matches
25,Néstor Araujo\Nestor-Araujo,mx MEX,DF,Celta Vigo,27,1991,32.1,6,0.19,3,0,1,2,0,2,0.06,1,0,0,1,0,0,Matches
26,Ronald Araújo\Ronald-Araujo,uy URU,DF,Barcelona,20,1999,1.6,0,0.00,0,0,0,0,0,0,0.00,0,0,0,0,0,0,Matches
27,Anaitz Arbilla\Anaitz-Arbilla,es ESP,DF,Eibar,32,1987,22.3,20,0.90,15,3,0,2,0,2,0.09,2,0,0,0,0,0,Matches
28,Alphonse Areola\Alphonse-Areola,fr FRA,GK,Real Madrid,26,1993,3.0,0,0.00,0,0,0,0,0,0,0.00,0,0,0,0,0,0,Matches
29,Santiago Arias\Santiago-Arias,co COL,DF,Atlético Madrid,27,1992,12.0,19,1.73,17,2,0,0,0,2,0.18,2,0,0,0,0,0,Matches
30,José Arnaiz\Jose-Arnaiz,es ESP,FWMF,Osasuna,24,1995,7.8,13,1.67,9,0,0,1,3,1,0.13,0,0,0,0,1,0,Matches
31,José Arnaiz\Jose-Arnaiz,es ESP,MFFW,Leganés,24,1995,3.7,14,3.74,8,2,3,0,1,0,0.00,0,0,0,0,0,0,Matches
32,Sergio Asenjo\Sergio-Asenjo,es ESP,GK,Villarreal,30,1989,34.0,3,0.09,2,1,0,0,0,1,0.03,1,0,0,0,0,0,Matches
33,Marco Asensio\Marco-Asensio,es ESP,FWMF,Real Madrid,23,1996,3.1,11,3.59,8,0,2,1,0,1,0.33,1,0,0,0,0,0,Matches
34,Iago Aspas\Iago-Aspas,es ESP,FW,Celta Vigo,31,1987,35.2,93,2.72,70,1,9,3,10,11,0.32,6,0,3,0,2,0,Matches
35,Roger Assalé\Roger-Assale,ci CIV,FWMF,Leganés,25,1993,5.5,16,3.03,10,0,1,0,5,2,0.38,0,0,0,0,2,0,Matches
36,Miguel Atienza\Miguel-Atienza,es ESP,MF,Eibar,,,0.3,1,3.00,0,0,0,1,0,0,0.00,0,0,0,0,0,0,Matches
37,Ezequiel Ávila\Ezequiel-Avila,ar ARG,FW,Osasuna,25,1994,17.7,48,2.72,29,0,7,5,7,6,0.34,3,0,1,0,2,0,Matches
38,Javier Avilés\Javier-Aviles,es ESP,FWMF,Leganés,21,1997,1.9,4,2.32,3,0,1,0,0,1,0.58,0,0,1,0,0,0,Matches
39,Chidozie Awaziem\Chidozie-Awaziem,ng NGA,DF,Leganés,22,1997,22.2,10,0.45,8,0,0,1,1,0,0.00,0,0,0,0,0,0,Matches
40,Ramon Azeez\Ramon-Azeez,ng NGA,MF,Granada,26,1992,14.1,13,0.93,10,0,0,2,1,1,0.07,1,0,0,0,0,0,Matches
41,Iddrisu Baba\Iddrisu-Baba,gh GHA,MF,Mallorca,23,1996,31.3,24,0.79,23,0,0,0,1,1,0.03,1,0,0,0,0,0,Matches
42,Carlos Bacca\Carlos-Bacca,co COL,FWMF,Villarreal,32,1986,7.6,12,1.57,7,0,3,0,2,2,0.26,1,0,0,0,1,0,Matches
43,Alejandro Baena\Alejandro-Baena,es ESP,MF,Villarreal,18,2001,0.2,1,6.00,1,0,0,0,0,0,0.00,0,0,0,0,0,0,Matches
44,Gareth Bale\Gareth-Bale,wal WAL,FWMF,Real Madrid,30,1989,12.1,33,2.73,21,2,5,3,2,7,0.58,6,0,0,1,0,0,Matches
45,Mikel Balenziaga\Mikel-Balenziaga,es ESP,DF,Athletic Club,31,1988,5.8,1,0.17,1,0,0,0,0,0,0.00,0,0,0,0,0,0,Matches
46,Éver Banega\Ever-Banega,ar ARG,MF,Sevilla,31,1988,27.5,113,4.16,66,36,3,2,6,12,0.44,7,3,1,0,1,0,Matches
47,Federico Barba\Federico-Barba,it ITA,DF,Valladolid,25,1993,5.0,3,0.60,2,0,0,0,1,1,0.20,1,0,0,0,0,0,Matches
48,Enis Bardhi\Enis-Bardhi,mk MKD,MF,Levante,24,1995,23.5,62,2.74,38,11,6,5,2,8,0.35,4,0,1,2,1,0,Matches
49,Kike Barja\Kike-Barja,es ESP,MFFW,Osasuna,22,1997,2.6,7,2.70,6,0,1,0,0,1,0.39,1,0,0,0,0,0,Matches
50,Antonio Barragán\Antonio-Barragan,es ESP,DF,Betis,32,1987,6.1,18,2.94,15,1,2,0,0,3,0.49,2,0,1,0,0,0,Matches
51,Ander Barrenetxea\Ander-Barrenetxea,es ESP,FWMF,Real Sociedad,17,2001,4.4,17,3.93,15,0,2,0,0,0,0.00,0,0,0,0,0,0,Matches
52,Marc Bartra\Marc-Bartra,es ESP,DFMF,Betis,28,1991,27.0,12,0.44,10,0,0,2,0,1,0.04,0,0,0,1,0,0,Matches
53,Gil Bastião Dias\Gil-Bastiao-Dias,pt POR,DFFW,Granada,22,1996,3.6,10,2.77,7,1,1,1,0,1,0.28,1,0,0,0,0,0,Matches
54,Fran Beltrán\Fran-Beltran,es ESP,MF,Celta Vigo,20,1999,19.4,28,1.48,22,4,0,2,0,0,0.00,0,0,0,0,0,0,Matches
55,Hatem Ben Arfa\Hatem-Ben-Arfa,fr FRA,MFFW,Valladolid,32,1987,1.8,3,1.70,2,0,1,0,0,0,0.00,0,0,0,0,0,0,Matches
56,Karim Benzema\Karim-Benzema,fr FRA,FW,Real Madrid,31,1987,34.2,118,3.45,104,0,11,2,1,17,0.50,15,0,2,0,0,0,Matches
57,Yuri Berchiche\Yuri-Berchiche,es ESP,DF,Athletic Club,29,1990,31.2,51,1.69,40,3,3,4,1,3,0.10,2,0,0,1,0,0,Matches
58,Markel Bergara\Markel-Bergara,es ESP,MF,Getafe,33,1986,0.8,1,1.25,1,0,0,0,0,0,0.00,0,0,0,0,0,0,Matches
59,Sergio Bermejo\Sergio-Bermejo,es ESP,FW,Celta Vigo,21,1997,0.1,0,0.00,0,0,0,0,0,0,0.00,0,0,0,0,0,0,Matches
60,Pedro Bigas\Pedro-Bigas,es ESP,DF,Eibar,28,1990,18.9,7,0.39,7,0,0,0,0,0,0.00,0,0,0,0,0,0,Matches
61,Rubén Blanco\Ruben-Blanco,es ESP,GK,Celta Vigo,24,1995,32.9,1,0.03,1,0,0,0,0,0,0.00,0,0,0,0,0,0,Matches
62,Pablo de Blasis\Pablo-de-Blasis,ar ARG,DFMF,Eibar,31,1988,16.8,29,1.83,25,1,1,2,0,4,0.25,3,0,0,1,0,0,Matches
63,Yassine Bounou\Yassine-Bounou,ma MAR,GK,Sevilla,28,1991,4.5,2,0.57,1,1,0,0,0,1,0.29,1,0,0,0,0,0,Matches
64,Filip Bradarić\Filip-Bradaric,hr CRO,MF,Celta Vigo,27,1992,7.0,7,1.08,5,1,0,1,0,1,0.15,1,0,0,0,0,0,Matches
65,Martin Braithwaite\Martin-Braithwaite,dk DEN,FWMF,Barcelona,28,1991,4.4,7,1.60,2,0,2,1,2,1,0.23,0,0,0,1,0,0,Matches
66,Martin Braithwaite\Martin-Braithwaite,dk DEN,FWMF,Leganés,28,1991,21.5,42,1.95,27,0,5,5,5,5,0.23,5,0,0,0,0,0,Matches
67,Brandon\Brandon,es ESP,FW,Osasuna,24,1995,4.5,9,2.00,4,0,3,1,1,1,0.22,1,0,0,0,0,0,Matches
68,Darko Brašanac\Darko-Brasanac,rs SRB,MF,Osasuna,27,1992,24.9,46,1.84,37,0,1,4,4,4,0.16,2,0,0,1,1,0,Matches
69,Yan Brice Eteki\Yan-Brice-Eteki,cm CMR,MF,Granada,21,1997,16.0,13,0.87,9,1,0,1,2,2,0.13,1,0,0,0,1,0,Matches
70,Bryan\Bryan,es ESP,FW,Sevilla,18,2001,0.7,2,2.77,1,0,1,0,0,0,0.00,0,0,0,0,0,0,Matches
71,Bryan\Bryan,es ESP,MFFW,Leganés,18,2001,5.2,14,3.33,9,2,2,1,0,0,0.00,0,0,0,0,0,0,Matches
72,Ante Budimir\Ante-Budimir,hr CRO,FW,Mallorca,28,1991,29.7,45,1.57,25,2,2,7,9,6,0.21,4,0,1,0,1,0,Matches
73,Esteban Burgos\Esteban-Burgos,ar ARG,DF,Eibar,27,1992,11.4,3,0.27,3,0,0,0,0,0,0.00,0,0,0,0,0,0,Matches
74,Burgui\Burgui,es ESP,MF,Alavés,25,1993,0.2,0,0.00,0,0,0,0,0,0,0.00,0,0,0,0,0,0,Matches
75,Oliver Burke\Oliver-Burke,sco SCO,MFFW,Alavés,22,1997,15.4,14,0.97,11,0,3,0,0,1,0.07,1,0,0,0,0,0,Matches
76,Sergio Busquets\Sergio-Busquets,es ESP,MF,Barcelona,31,1988,26.9,53,1.97,50,1,1,0,1,10,0.37,9,0,1,0,0,0,Matches
77,Unai Bustinza\Unai-Bustinza,es ESP,DF,Leganés,27,1992,28.8,31,1.11,26,3,0,0,2,2,0.07,1,0,0,0,1,0,Matches
78,Erick Cabaco\Erick-Cabaco,uy URU,DF,Levante,24,1995,9.0,6,0.67,4,2,0,0,0,0,0.00,0,0,0,0,0,0,Matches
79,Erick Cabaco\Erick-Cabaco,uy URU,DF,Getafe,24,1995,3.0,0,0.00,0,0,0,0,0,0,0.00,0,0,0,0,0,0,Matches
80,Ariday Cabrera\Ariday-Cabrera,es ESP,MFFW,Mallorca,30,1988,0.4,0,0.00,0,0,0,0,0,0,0.00,0,0,0,0,0,0,Matches
81,Leandro Cabrera\Leandro-Cabrera,uy URU,DF,Getafe,28,1991,17.0,6,0.35,2,2,0,1,0,1,0.06,0,0,0,0,0,1,Matches
82,Leandro Cabrera\Leandro-Cabrera,uy URU,DF,Espanyol,28,1991,16.0,11,0.69,8,3,0,0,0,1,0.06,0,1,0,0,0,0,Matches
83,Fernando Calero\Fernando-Calero,es ESP,DF,Espanyol,23,1995,11.6,3,0.26,1,1,0,0,1,0,0.00,0,0,0,0,0,0,Matches
84,Jonathan Calleri\Jonathan-Calleri,ar ARG,FW,Espanyol,25,1993,20.1,39,1.94,22,1,2,7,7,7,0.35,5,0,0,1,1,0,Matches
85,Víctor Camarasa\Victor-Camarasa,es ESP,MF,Alavés,25,1994,13.7,20,1.58,16,2,1,0,1,1,0.08,0,1,0,0,0,0,Matches
86,Sergio Camello\Sergio-Camello,es ESP,FW,Atlético Madrid,18,2001,0.3,0,0.00,0,0,0,0,0,0,0.00,0,0,0,0,0,0,Matches
87,José Campaña\Jose-Campana,es ESP,MF,Levante,26,1993,34.8,126,3.73,87,23,7,4,5,10,0.30,7,2,0,0,1,0,Matches
88,Xisco Campos\Xisco-Campos,es ESP,DFMF,Mallorca,37,1982,4.3,0,0.00,0,0,0,0,0,0,0.00,0,0,0,0,0,0,Matches
89,Víctor Campuzano\Victor-Campuzano,es ESP,FWMF,Espanyol,22,1997,9.5,17,1.80,6,0,2,4,4,1,0.11,0,0,0,0,0,1,Matches
90,Sergio Canales\Sergio-Canales,es ESP,MFFW,Betis,28,1991,34.1,130,3.92,93,28,2,3,4,14,0.42,9,4,0,1,0,0,Matches
91,Ander Capa\Ander-Capa,es ESP,DF,Athletic Club,27,1992,31.1,48,1.55,35,7,5,0,1,6,0.19,6,0,0,0,0,0,Matches
92,Marc Cardona\Marc-Cardona,es ESP,FW,Osasuna,24,1995,7.8,15,1.91,13,0,1,1,0,3,0.38,2,0,0,1,0,0,Matches
93,Diego Carlos\Diego-Carlos,br BRA,DF,Sevilla,26,1993,33.8,14,0.41,11,1,1,1,0,1,0.03,1,0,0,0,0,0,Matches
94,Yannick Carrasco\Yannick-Carrasco,be BEL,MFFW,Atlético Madrid,25,1993,6.6,22,3.81,9,3,3,1,6,6,1.04,1,1,1,0,3,0,Matches
95,Daniel Carriço\Daniel-Carrico,pt POR,DF,Sevilla,30,1988,9.4,3,0.32,3,0,0,0,0,0,0.00,0,0,0,0,0,0,Matches
96,Guido Carrillo\Guido-Carrillo,ar ARG,FW,Leganés,28,1991,13.5,29,2.15,21,0,0,5,3,3,0.22,2,0,0,0,1,0,Matches
97,Dani Carvajal\Dani-Carvajal,es ESP,DF,Real Madrid,27,1992,30.4,74,2.43,61,6,4,1,2,6,0.20,4,1,0,0,1,0,Matches
98,William Carvalho\William-Carvalho,pt POR,MF,Betis,27,1992,9.9,13,1.31,12,0,1,0,0,1,0.10,1,0,0,0,0,0,Matches
99,Casemiro\Casemiro,br BRA,MF,Real Madrid,27,1992,33.6,48,1.43,40,0,0,4,4,6,0.18,4,0,0,1,1,0,Matches
100,Santi Cazorla\Santi-Cazorla,es ESP,MF,Villarreal,34,1984,26.3,129,4.90,87,32,3,3,4,16,0.61,12,2,0,1,1,0,Matches
101,Sofian Chakla\Sofian-Chakla,ma MAR,DF,Villarreal,25,1993,2.0,1,0.50,1,0,0,0,0,1,0.50,1,0,0,0,0,0,Matches
102,Charles\Charles,br BRA,FW,Eibar,35,1984,13.8,22,1.63,16,0,1,1,4,1,0.07,1,0,0,0,0,0,Matches
103,Pablo Chavarría\Pablo-Chavarria,ar ARG,FWMF,Mallorca,31,1988,1.7,2,1.19,2,0,0,0,0,0,0.00,0,0,0,0,0,0,Matches
104,Pape Cheikh Diop\Pape-Cheikh-Diop,es ESP,MF,Celta Vigo,21,1997,6.6,11,1.66,7,0,1,0,3,4,0.60,1,0,1,0,2,0,Matches
105,Chema\Chema,es ESP,DF,Getafe,27,1992,3.4,1,0.29,1,0,0,0,0,0,0.00,0,0,0,0,0,0,Matches
106,Denis Cheryshev\Denis-Cheryshev,ru RUS,MFFW,Valencia,28,1990,10.3,18,1.75,15,0,0,0,3,4,0.39,4,0,0,0,0,0,Matches
107,Samuel Chukwueze\Samuel-Chukwueze,ng NGA,MFFW,Villarreal,20,1999,21.8,95,4.36,68,0,13,3,11,14,0.64,7,0,3,1,3,0,Matches
108,Churripi\Churripi,es ESP,GK,Valladolid,25,1994,1.7,0,0.00,0,0,0,0,0,0,0.00,0,0,0,0,0,0,Matches
109,Jasper Cillessen\Jasper-Cillessen,nl NED,GK,Valencia,30,1989,23.3,3,0.13,2,1,0,0,0,1,0.04,1,0,0,0,0,0,Matches
110,Óscar Clemente\Oscar-Clemente,es ESP,MF,Atlético Madrid,20,1999,0.0,0,0.00,0,0,0,0,0,0,0.00,0,0,0,0,0,0,Matches
111,Carlos Clerc\Carlos-Clerc,es ESP,DF,Levante,27,1992,20.3,22,1.14,16,5,0,0,1,2,0.10,2,0,0,0,0,0,Matches
112,Coke\Coke,es ESP,DF,Levante,32,1987,10.0,16,1.65,12,1,2,0,1,0,0.00,0,0,0,0,0,0,Matches
113,Álex Collado\Alex-Collado,es ESP,DF,Barcelona,20,1999,0.1,1,15.00,1,0,0,0,0,0,0.00,0,0,0,0,0,0,Matches
114,Francis Coquelin\Francis-Coquelin,fr FRA,MF,Valencia,28,1991,20.3,15,0.74,13,0,0,1,1,2,0.10,0,0,0,1,1,0,Matches
115,Sébastien Corchia\Sebastien-Corchia,fr FRA,DF,Espanyol,28,1990,3.0,11,3.68,6,3,1,0,1,0,0.00,0,0,0,0,0,0,Matches
116,Iñigo Córdoba\Inigo-Cordoba,es ESP,FW,Athletic Club,22,1997,15.5,30,1.93,26,1,2,0,1,6,0.39,6,0,0,0,0,0,Matches
117,Ángel Correa\Angel-Correa,ar ARG,MFFW,Atlético Madrid,24,1995,22.5,59,2.73,47,0,6,3,3,10,0.46,8,0,2,0,0,0,Matches
118,Rober Correa\Rober-Correa,es ESP,DF,Eibar,26,1992,9.3,14,1.50,9,1,1,1,2,0,0.00,0,0,0,0,0,0,Matches
119,Thierry Correia\Thierry-Correia,pt POR,DF,Valencia,20,1999,2.8,3,1.08,1,2,0,0,0,1,0.36,0,1,0,0,0,0,Matches
120,Antonio Cortés\Antonio-Cortes,es ESP,FWMF,Granada,19,2000,1.9,4,2.16,3,0,0,0,1,0,0.00,0,0,0,0,0,0,Matches
121,Diego Costa\Diego-Costa,es ESP,FW,Atlético Madrid,30,1988,14.4,25,1.86,18,0,2,3,2,3,0.22,3,0,0,0,0,0,Matches
122,Jaume Costa\Jaume-Costa,es ESP,DF,Valencia,31,1988,15.4,18,1.17,15,1,0,0,2,0,0.00,0,0,0,0,0,0,Matches
123,David Costas\David-Costas,es ESP,DF,Celta Vigo,24,1995,3.8,0,0.00,0,0,0,0,0,0,0.00,0,0,0,0,0,0,Matches
124,Thibaut Courtois\Thibaut-Courtois,be BEL,GK,Real Madrid,27,1992,34.0,1,0.03,1,0,0,0,0,0,0.00,0,0,0,0,0,0,Matches
125,Sebastián Cristóforo\Sebastian-Cristoforo,uy URU,MF,Eibar,25,1993,8.9,14,1.60,9,1,1,1,2,0,0.00,0,0,0,0,0,0,Matches
126,Cucho\Cucho,co COL,FWMF,Mallorca,20,1999,16.5,36,2.31,22,0,8,2,4,5,0.32,2,0,1,1,1,0,Matches
127,Marc Cucurella\Marc-Cucurella,es ESP,MFDF,Getafe,21,1998,35.0,79,2.32,64,5,2,1,7,8,0.24,7,0,0,0,1,0,Matches
128,Iván Cuéllar\Ivan-Cuellar,es ESP,GK,Leganés,35,1984,26.0,2,0.08,1,1,0,0,0,0,0.00,0,0,0,0,0,0,Matches
129,Moanes Dabour\Moanes-Dabour,il ISR,FW,Sevilla,27,1992,0.3,1,3.46,1,0,0,0,0,0,0.00,0,0,0,0,0,0,Matches
130,Sergi Darder\Sergi-Darder,es ESP,MFFW,Espanyol,25,1993,29.5,63,2.13,47,8,4,4,0,4,0.14,4,0,0,0,0,0,Matches
131,Ousmane Dembélé\Ousmane-Dembele,fr FRA,FW,Barcelona,22,1997,4.0,18,4.54,10,2,5,0,1,2,0.50,1,0,1,0,0,0,Matches
132,Deyverson\Deyverson,br BRA,FW,Getafe,28,1991,2.3,5,2.21,4,0,0,1,0,2,0.88,1,0,0,1,0,0,Matches
133,Mouctar Diakhaby\Mouctar-Diakhaby,fr FRA,DF,Valencia,22,1996,16.0,6,0.37,5,1,0,0,0,0,0.00,0,0,0,0,0,0,Matches
134,Brahim Díaz\Brahim-Diaz,es ESP,FWMF,Real Madrid,19,1999,0.4,2,5.14,1,0,0,0,1,0,0.00,0,0,0,0,0,0,Matches
135,Víctor Díaz\Victor-Diaz,es ESP,DF,Granada,31,1988,31.1,44,1.46,32,10,0,1,0,9,0.30,5,2,0,1,0,1,Matches
136,Papakouli Diop\Papakouli-Diop,sn SEN,MF,Eibar,33,1986,24.0,25,1.06,23,0,0,1,1,1,0.04,1,0,0,0,0,0,Matches
137,Djené\Djene,tg TOG,DF,Getafe,27,1991,33.0,8,0.25,7,1,0,0,0,0,0.00,0,0,0,0,0,0,Matches
138,Naïs Djouahra\Nais-Djouahra,fr FRA,FW,Real Sociedad,19,1999,0.3,3,9.31,2,0,1,0,0,1,3.10,1,0,0,0,0,0,Matches
139,Marko Dmitrović\Marko-Dmitrovic,rs SRB,GK,Eibar,27,1992,35.0,8,0.23,2,5,0,1,0,0,0.00,0,0,0,0,0,0,Matches
140,Jaume Doménech\Jaume-Domenech,es ESP,GK,Valencia,28,1990,13.7,1,0.07,0,1,0,0,0,0,0.00,0,0,0,0,0,0,Matches
141,Domingos Duarte\Domingos-Duarte,pt POR,DF,Granada,24,1995,33.3,5,0.15,4,1,0,0,0,1,0.03,1,0,0,0,0,0,Matches
142,Óscar Duarte\Oscar-Duarte,cr CRC,DF,Levante,30,1989,4.4,4,0.91,3,0,0,1,0,1,0.23,1,0,0,0,0,0,Matches
143,Rubén Duarte\Ruben-Duarte,es ESP,DF,Alavés,23,1995,29.6,36,1.22,24,3,0,4,5,6,0.20,2,1,0,1,2,0,Matches
144,Hugo Duro\Hugo-Duro,es ESP,FWMF,Getafe,19,1999,4.0,4,1.30,2,0,0,0,2,2,0.65,1,0,0,0,1,0,Matches
145,Aritz Elustondo\Aritz-Elustondo,es ESP,DF,Real Sociedad,25,1994,16.3,8,0.49,6,0,0,1,1,3,0.18,2,0,0,1,0,0,Matches
146,Rodrigo Ely\Rodrigo-Ely,br BRA,DF,Alavés,25,1993,23.6,2,0.09,2,0,0,0,0,0,0.00,0,0,0,0,0,0,Matches
147,Adri Embarba\Adri-Embarba,es ESP,MFFW,Espanyol,27,1992,14.2,31,2.18,17,4,4,2,4,4,0.28,4,0,0,0,0,0,Matches
148,Emerson\Emerson,br BRA,DF,Betis,20,1999,30.5,53,1.79,44,0,2,2,5,6,0.20,5,0,0,0,1,0,Matches
149,Youssef En-Nesyri\Youssef-En-Nesyri,ma MAR,FW,Leganés,22,1997,15.4,22,1.43,14,0,2,3,3,4,0.26,3,0,0,1,0,0,Matches
150,Youssef En-Nesyri\Youssef-En-Nesyri,ma MAR,FW,Sevilla,22,1997,8.6,4,0.52,3,0,0,0,1,0,0.00,0,0,0,0,0,0,Matches
151,Sergi Enrich\Sergi-Enrich,es ESP,FW,Eibar,29,1990,20.6,18,0.88,12,0,0,3,3,5,0.24,3,0,0,1,1,0,Matches
152,Javier Eraso\Javier-Eraso,es ESP,MFFW,Leganés,29,1990,9.1,12,1.43,8,3,0,0,1,0,0.00,0,0,0,0,0,0,Matches
153,Gonzalo Escalante\Gonzalo-Escalante,ar ARG,MF,Eibar,26,1993,18.6,17,0.91,10,1,1,1,4,3,0.16,1,0,0,0,2,0,Matches
154,Aarón Escandell\Aaron-Escandell,es ESP,GK,Granada,23,1995,3.0,2,0.67,2,0,0,0,0,0,0.00,0,0,0,0,0,0,Matches
155,Sergio Escudero\Sergio-Escudero,es ESP,DF,Sevilla,29,1989,8.6,12,1.40,9,0,2,1,0,1,0.12,0,0,0,1,0,0,Matches
156,Bernardo Espinosa\Bernardo-Espinosa,co COL,DF,Espanyol,30,1989,25.1,8,0.32,8,0,0,0,0,0,0.00,0,0,0,0,0,0,Matches
157,Esquerdo\Esquerdo,es ESP,MF,Valencia,20,1999,0.2,0,0.00,0,0,0,0,0,0,0.00,0,0,0,0,0,0,Matches
158,Pervis Estupiñán\Pervis-Estupinan,ec ECU,DF,Osasuna,21,1998,32.8,74,2.25,63,6,3,2,0,10,0.30,7,2,0,1,0,0,Matches
159,Oghenekaro Etebo\Oghenekaro-Etebo,ng NGA,MF,Getafe,23,1995,6.4,7,1.10,6,0,0,1,0,1,0.16,1,0,0,0,0,0,Matches
160,Beñat Etxebarria\Benat-Etxebarria,es ESP,MF,Athletic Club,32,1987,4.4,12,2.74,2,10,0,0,0,1,0.23,1,0,0,0,0,0,Matches
161,Xabier Etxeita\Xabier-Etxeita,es ESP,DF,Getafe,31,1987,16.1,5,0.31,4,0,0,0,1,0,0.00,0,0,0,0,0,0,Matches
162,Edu Expósito\Edu-Exposito,es ESP,MF,Eibar,22,1996,25.4,39,1.60,28,0,3,6,2,3,0.12,2,0,0,1,0,0,Matches
163,Fabricio\Fabricio,es ESP,GK,Mallorca,31,1987,1.0,0,0.00,0,0,0,0,0,0,0.00,0,0,0,0,0,0,Matches
164,Fayçal Fajr\Faycal-Fajr,ma MAR,MF,Getafe,30,1988,4.5,18,4.09,12,6,0,0,0,0,0.00,0,0,0,0,0,0,Matches
165,Eliseo Falcon\Eliseo-Falcon,es ESP,DFMF,Levante,22,1997,0.8,0,0.00,0,0,0,0,0,0,0.00,0,0,0,0,0,0,Matches
166,Ansu Fati\Ansu-Fati,es ESP,FWDF,Barcelona,16,2002,10.6,36,3.41,22,2,7,2,3,3,0.28,1,0,2,0,0,0,Matches
167,Aleix Febas\Aleix-Febas,es ESP,MF,Mallorca,23,1996,18.0,41,2.28,34,0,1,0,6,5,0.28,4,0,0,0,1,0,Matches
168,Zouhair Feddal\Zouhair-Feddal,ma MAR,DF,Betis,30,1989,15.9,11,0.74,9,0,0,2,0,4,0.27,3,0,0,1,0,0,Matches
169,Ljubomir Fejsa\Ljubomir-Fejsa,rs SRB,MF,Alavés,30,1988,8.4,2,0.25,1,1,0,0,0,0,0.00,0,0,0,0,0,0,Matches
170,Nabil Fekir\Nabil-Fekir,fr FRA,MFFW,Betis,26,1993,28.3,102,3.72,61,2,14,11,14,11,0.40,6,0,0,1,4,0,Matches
171,Felipe\Felipe,br BRA,DF,Atlético Madrid,30,1989,22.4,12,0.56,6,0,1,5,0,2,0.09,0,0,0,2,0,0,Matches
172,João Félix\Joao-Felix,pt POR,FWMF,Atlético Madrid,19,1999,19.0,50,2.63,30,2,4,6,8,4,0.21,1,1,1,0,1,0,Matches
173,Matheus Fernandes\Matheus-Fernandes,br BRA,MF,Valladolid,21,1998,1.8,,,,,,,,,,,,,,,,Matches
174,Aitor Fernández\Aitor-Fernandez,es ESP,GK,Levante,28,1991,36.0,4,0.11,3,1,0,0,0,0,0.00,0,0,0,0,0,0,Matches
175,Andrés Fernández\Andres-Fernandez,es ESP,GK,Villarreal,32,1986,3.3,0,0.00,0,0,0,0,0,0,0.00,0,0,0,0,0,0,Matches
176,Carlos Fernández\Carlos-Fernandez,es ESP,FWMF,Granada,23,1996,23.6,41,1.77,25,1,4,6,5,9,0.39,4,0,1,1,3,0,Matches
177,Gabriel Fernández\Gabriel-Fernandez,uy URU,FWMF,Celta Vigo,25,1994,6.2,3,0.49,2,0,1,0,0,1,0.16,1,0,0,0,0,0,Matches
178,Joaquín Fernández\Joaquin-Fernandez,es ESP,MFDF,Valladolid,23,1996,18.4,14,0.76,12,1,0,0,1,2,0.11,1,0,0,0,1,0,Matches
179,Fernando\Fernando,br BRA,MF,Sevilla,32,1987,29.5,30,1.02,26,0,1,3,0,3,0.10,3,0,0,0,0,0,Matches
180,Facundo Ferreyra\Facundo-Ferreyra,ar ARG,FW,Espanyol,28,1991,6.4,9,1.41,9,0,0,0,0,0,0.00,0,0,0,0,0,0,Matches
181,Junior Firpo\Junior-Firpo,es ESP,DF,Barcelona,22,1996,11.3,15,1.33,14,0,1,0,0,3,0.27,2,0,1,0,0,0,Matches
182,Alessandro Florenzi\Alessandro-Florenzi,it ITA,DFMF,Valencia,28,1991,7.4,7,0.95,7,0,0,0,0,0,0.00,0,0,0,0,0,0,Matches
183,Hernâni Fortes\Hernani-Fortes,pt POR,MFFW,Levante,27,1991,6.5,20,3.06,12,1,5,0,2,0,0.00,0,0,0,0,0,0,Matches
184,Dimitri Foulquier\Dimitri-Foulquier,fr FRA,DF,Granada,26,1993,12.4,11,0.88,10,0,1,0,0,0,0.00,0,0,0,0,0,0,Matches
185,Jorge de Frutos\Jorge-de-Frutos,es ESP,MFFW,Valladolid,22,1997,0.7,1,1.53,1,0,0,0,0,0,0.00,0,0,0,0,0,0,Matches
186,Ramiro Funes Mori\Ramiro-Funes-Mori,ar ARG,DF,Villarreal,28,1991,5.0,4,0.79,3,0,0,1,0,0,0.00,0,0,0,0,0,0,Matches
187,Enric Gallego\Enric-Gallego,es ESP,FW,Osasuna,32,1986,9.8,22,2.25,16,0,1,3,2,3,0.31,1,0,0,1,1,0,Matches
188,Enric Gallego\Enric-Gallego,es ESP,FW,Getafe,32,1986,1.8,2,1.10,2,0,0,0,0,0,0.00,0,0,0,0,0,0,Matches
189,Kévin Gameiro\Kevin-Gameiro,fr FRA,FW,Valencia,32,1987,16.6,30,1.81,23,0,2,2,3,6,0.36,5,0,1,0,0,0,Matches
190,Fran Gámez\Fran-Gamez,es ESP,DF,Mallorca,28,1991,19.6,24,1.22,19,2,1,1,1,1,0.05,1,0,0,0,0,0,Matches
191,Ezequiel Garay\Ezequiel-Garay,ar ARG,DF,Valencia,32,1986,16.0,4,0.25,4,0,0,0,0,1,0.06,1,0,0,0,0,0,Matches
192,Dani García\Dani-Garcia,es ESP,MF,Athletic Club,29,1990,32.7,23,0.71,18,3,1,1,0,1,0.03,1,0,0,0,0,0,Matches
193,David García\David-Garcia,es ESP,DF,Osasuna,25,1994,30.0,16,0.53,14,2,0,0,0,1,0.03,1,0,0,0,0,0,Matches
194,Javi García\Javi-Garcia,es ESP,MF,Betis,32,1987,4.0,1,0.25,0,0,0,0,1,0,0.00,0,0,0,0,0,0,Matches
195,Manu García\Manu-Garcia,es ESP,MF,Alavés,33,1986,21.2,7,0.34,4,0,0,1,2,0,0.00,0,0,0,0,0,0,Matches
196,Raúl García\Raul-Garcia,es ESP,DFMF,Valladolid,30,1989,11.2,16,1.42,11,2,1,2,0,3,0.27,1,0,0,2,0,0,Matches
197,Raúl García\Raul-Garcia,es ESP,MFFW,Athletic Club,33,1986,30.9,41,1.37,30,1,0,2,8,4,0.13,1,1,0,0,2,0,Matches
198,Raúl García\Raul-Garcia,es ESP,DF,Getafe,30,1989,2.7,5,1.85,5,0,0,0,0,0,0.00,0,0,0,0,0,0,Matches
199,Rubén García\Ruben-Garcia,es ESP,MFFW,Osasuna,26,1993,24.3,98,4.03,51,35,4,6,2,7,0.29,5,1,1,0,0,0,Matches
200,Unai García\Unai-Garcia,es ESP,DF,Osasuna,27,1992,6.0,2,0.34,1,1,0,0,0,0,0.00,0,0,0,0,0,0,Matches
201,Víctor García\Victor-Garcia,es ESP,FW,Valladolid,22,1997,1.0,1,1.55,1,0,0,0,0,0,0.00,0,0,0,0,0,0,Matches
202,Manuel Garrido\Manuel-Garrido,es ESP,FW,Leganés,18,2000,0.8,1,7.50,1,0,0,0,0,0,0.00,0,0,0,0,0,0,Matches
203,Mario Gaspar\Mario-Gaspar,es ESP,DF,Villarreal,28,1990,21.8,31,1.42,26,2,0,2,1,3,0.14,2,0,0,1,0,0,Matches
204,José Antonio Martínez Gil\Jose-Antonio-Martinez-Gil,es ESP,DF,Granada,26,1993,13.2,5,0.39,2,2,0,0,1,0,0.00,0,0,0,0,0,0,Matches
205,Ibai Gómez\Ibai-Gomez,es ESP,FW,Athletic Club,29,1989,7.5,25,3.33,8,13,3,1,0,2,0.27,1,0,0,1,0,0,Matches
206,Maxi Gómez\Maxi-Gomez,uy URU,FW,Valencia,22,1996,23.0,29,1.26,24,0,0,2,3,3,0.13,3,0,0,0,0,0,Matches
207,Moi Gómez\Moi-Gomez,es ESP,FWMF,Villarreal,25,1994,25.4,60,2.36,46,2,3,5,4,10,0.39,6,0,1,1,2,0,Matches
208,Sergi Gómez\Sergi-Gomez,es ESP,DF,Sevilla,27,1992,7.9,5,0.72,4,0,0,1,0,0,0.00,0,0,0,0,0,0,Matches
209,Maxime Gonalons\Maxime-Gonalons,fr FRA,MF,Granada,30,1989,16.7,14,0.84,12,1,0,1,0,0,0.00,0,0,0,0,0,0,Matches
210,Bruno González\Bruno-Gonzalez,es ESP,DF,Levante,29,1990,5.1,3,0.59,3,0,0,0,0,1,0.20,1,0,0,0,0,0,Matches
211,Bruno González\Bruno-Gonzalez,es ESP,DF,Getafe,29,1990,2.0,1,0.50,1,0,0,0,0,0,0.00,0,0,0,0,0,0,Matches
212,Édgar González\Edgar-Gonzalez,es ESP,MF,Betis,22,1997,7.6,3,0.43,3,0,0,0,0,0,0.00,0,0,0,0,0,0,Matches
213,Andoni Gorosabel\Andoni-Gorosabel,es ESP,DF,Real Sociedad,22,1996,7.4,13,1.77,10,1,0,0,2,0,0.00,0,0,0,0,0,0,Matches
214,Esteban Granero\Esteban-Granero,es ESP,MF,Espanyol,32,1987,5.3,18,3.42,7,6,1,3,1,0,0.00,0,0,0,0,0,0,Matches
215,Antoine Griezmann\Antoine-Griezmann,fr FRA,FW,Barcelona,28,1991,28.3,59,2.08,52,1,0,3,3,10,0.35,9,0,0,1,0,0,Matches
216,Andrés Guardado\Andres-Guardado,mx MEX,MF,Betis,32,1986,22.7,55,2.42,46,4,3,1,1,5,0.22,4,0,1,0,0,0,Matches
217,Sergi Guardiola\Sergi-Guardiola,es ESP,FW,Valladolid,28,1991,28.5,45,1.61,32,0,5,1,7,5,0.18,3,0,2,0,0,0,Matches
218,Nemanja Gudelj\Nemanja-Gudelj,rs SRB,MFDF,Sevilla,27,1991,12.5,7,0.61,6,0,0,0,1,0,0.00,0,0,0,0,0,0,Matches
219,Gonçalo Guedes\Goncalo-Guedes,pt POR,MFFW,Valencia,22,1996,13.8,45,3.25,28,0,10,0,7,6,0.43,4,0,2,0,0,0,Matches
220,Adrián Guerrero\Adrian-Guerrero,es ESP,DF,Valencia,21,1998,1.4,2,1.43,2,0,0,0,0,0,0.00,0,0,0,0,0,0,Matches
221,Ander Guevara\Ander-Guevara,es ESP,MF,Real Sociedad,22,1997,10.4,16,1.53,15,1,0,0,0,0,0.00,0,0,0,0,0,0,Matches
222,John Guidetti\John-Guidetti,se SWE,FW,Alavés,27,1992,1.1,2,1.87,1,0,0,0,1,0,0.00,0,0,0,0,0,0,Matches
223,Hugo Guillamón\Hugo-Guillamon,es ESP,DF,Valencia,19,2000,5.5,1,0.18,1,0,0,0,0,0,0.00,0,0,0,0,0,0,Matches
224,Ismael Gutiérrez\Ismael-Gutierrez,es ESP,MF,Betis,18,2000,0.9,0,0.00,0,0,0,0,0,0,0.00,0,0,0,0,0,0,Matches
225,Munir El Haddadi\Munir-El-Haddadi,es ESP,FW,Sevilla,23,1995,13.1,37,2.86,24,2,3,3,5,4,0.31,3,0,0,0,1,0,Matches
226,Eden Hazard\Eden-Hazard,be BEL,FWMF,Real Madrid,28,1991,12.0,48,4.01,39,0,4,0,5,8,0.67,5,0,0,0,3,0,Matches
227,Mario Hermoso\Mario-Hermoso,es ESP,DF,Atlético Madrid,24,1995,13.5,7,0.52,7,0,0,0,0,0,0.00,0,0,0,0,0,0,Matches
228,Aridane Hernández\Aridane-Hernandez,gq EQG,DF,Osasuna,30,1989,29.0,9,0.31,8,1,0,0,0,0,0.00,0,0,0,0,0,0,Matches
229,Javier Hernández\Javier-Hernandez,mx MEX,FW,Sevilla,31,1988,5.0,9,1.81,7,0,0,0,2,0,0.00,0,0,0,0,0,0,Matches
230,Juan Hernández\Juan-Hernandez,es ESP,FWMF,Celta Vigo,24,1994,1.0,4,4.19,2,0,2,0,0,0,0.00,0,0,0,0,0,0,Matches
231,Héctor Herrera\Hector-Herrera,mx MEX,MF,Atlético Madrid,29,1990,11.5,35,3.07,26,7,0,0,2,3,0.26,3,0,0,0,0,0,Matches
232,Sergio Herrera\Sergio-Herrera,es ESP,GK,Osasuna,26,1993,18.4,5,0.27,3,2,0,0,0,0,0.00,0,0,0,0,0,0,Matches
233,Yangel Herrera\Yangel-Herrera,ve VEN,MF,Granada,21,1998,25.3,43,1.73,30,0,3,2,8,9,0.36,6,0,1,0,2,0,Matches
234,Iago Herrerín\Iago-Herrerin,es ESP,GK,Athletic Club,31,1988,3.7,0,0.00,0,0,0,0,0,0,0.00,0,0,0,0,0,0,Matches
235,Pablo Hervías\Pablo-Hervias,es ESP,MFFW,Valladolid,26,1993,11.1,28,2.68,12,7,3,2,4,2,0.19,0,0,0,0,2,0,Matches
236,Robert Ibáñez\Robert-Ibanez,es ESP,MFFW,Osasuna,26,1993,6.0,12,2.01,7,0,2,1,2,1,0.17,1,0,0,0,0,0,Matches
237,Vicente Iborra\Vicente-Iborra,es ESP,MF,Villarreal,31,1988,28.7,24,0.83,20,2,0,1,1,3,0.10,2,0,0,0,1,0,Matches
238,Borja Iglesias\Borja-Iglesias,es ESP,FW,Betis,26,1993,21.1,26,1.29,23,0,2,0,1,4,0.20,3,0,0,0,1,0,Matches
239,Asier Illarramendi\Asier-Illarramendi,es ESP,MF,Real Sociedad,29,1990,2.4,2,0.83,2,0,0,0,0,0,0.00,0,0,0,0,0,0,Matches
240,Takashi Inui\Takashi-Inui,jp JPN,MFFW,Eibar,31,1988,21.3,44,2.14,34,0,5,2,3,4,0.19,3,0,0,0,1,0,Matches
241,Alexander Isak\Alexander-Isak,se SWE,FW,Real Sociedad,19,1999,16.0,29,1.84,21,0,4,2,2,4,0.25,1,0,1,2,0,0,Matches
242,Isco\Isco,es ESP,FWMF,Real Madrid,27,1992,12.1,39,3.22,32,0,1,3,3,5,0.41,2,0,0,1,2,0,Matches
243,Ander Iturraspe\Ander-Iturraspe,es ESP,MF,Espanyol,30,1989,2.7,3,1.12,3,0,0,0,0,0,0.00,0,0,0,0,0,0,Matches
244,Jacobo\Jacobo,es ESP,DF,Celta Vigo,22,1997,0.9,0,0.00,0,0,0,0,0,0,0.00,0,0,0,0,0,0,Matches
245,Adnan Januzaj\Adnan-Januzaj,be BEL,FWMF,Real Sociedad,24,1995,12.8,51,3.98,26,9,6,4,6,5,0.39,3,1,0,1,0,0,Matches
246,Jason\Jason,es ESP,MF,Getafe,25,1994,12.3,35,2.94,18,11,1,2,3,7,0.59,2,3,0,1,1,0,Matches
247,Joaquín\Joaquin,es ESP,MFFW,Betis,38,1981,22.1,100,4.69,80,11,6,1,2,10,0.47,9,0,1,0,0,0,Matches
248,Frenkie de Jong\Frenkie-de-Jong,nl NED,MF,Barcelona,22,1997,23.1,48,2.07,45,0,1,0,2,8,0.35,7,0,0,0,1,0,Matches
249,Luuk de Jong\Luuk-de-Jong,nl NED,FW,Sevilla,28,1990,22.1,32,1.45,23,0,2,5,1,6,0.27,1,0,1,2,1,1,Matches
250,Joan Jordán\Joan-Jordan,es ESP,MF,Sevilla,25,1994,24.0,68,2.93,42,13,5,3,5,7,0.30,5,1,0,0,1,0,Matches
251,Willian José\Willian-Jose,br BRA,FW,Real Sociedad,27,1991,22.0,41,1.95,32,0,3,3,3,4,0.19,2,0,1,1,0,0,Matches
252,Joselu\Joselu,es ESP,FW,Alavés,29,1990,29.9,54,1.87,33,0,2,9,10,12,0.42,6,0,0,5,1,0,Matches
253,Luka Jović\Luka-Jovic,rs SRB,FW,Real Madrid,21,1997,4.4,6,1.35,4,0,0,2,0,2,0.45,2,0,0,0,0,0,Matches
254,Juanmi\Juanmi,es ESP,FWMF,Betis,26,1993,2.9,2,0.78,2,0,0,0,0,0,0.00,0,0,0,0,0,0,Matches
255,David Juncà\David-Junca,es ESP,DF,Celta Vigo,25,1993,2.9,3,1.05,3,0,0,0,0,0,0.00,0,0,0,0,0,0,Matches
256,Lago Junior\Lago-Junior,ci CIV,MFFW,Mallorca,28,1990,23.7,41,1.75,33,0,4,3,1,2,0.09,2,0,0,0,0,0,Matches
257,Vinicius Júnior\Vinicius-Junior,br BRA,FWMF,Real Madrid,19,2000,14.2,56,3.96,38,0,11,5,2,6,0.42,4,0,1,0,1,0,Matches
258,Lee Kangin\Lee-Kangin,kr KOR,MFFW,Valencia,18,2001,4.8,12,2.49,11,1,0,0,0,2,0.41,2,0,0,0,0,0,Matches
259,Wilfrid Kaptoum\Wilfrid-Kaptoum,cm CMR,MF,Betis,23,1996,2.2,2,0.93,2,0,0,0,0,0,0.00,0,0,0,0,0,0,Matches
260,Kenedy\Kenedy,br BRA,MFDF,Getafe,23,1996,6.5,18,2.76,12,2,2,2,0,3,0.46,3,0,0,0,0,0,Matches
261,Kike\Kike,es ESP,FW,Eibar,29,1989,18.6,31,1.66,18,0,0,6,7,3,0.16,1,0,0,1,1,0,Matches
262,Giorgi Kochorashvili\Giorgi-Kochorashvili,ge GEO,MF,Levante,20,1999,0.0,0,0.00,0,0,0,0,0,0,0.00,0,0,0,0,0,0,Matches
263,Kenan Kodro\Kenan-Kodro,ba BIH,FWMF,Athletic Club,25,1993,4.0,4,1.01,2,0,0,0,2,0,0.00,0,0,0,0,0,0,Matches
264,Koke\Koke,es ESP,MF,Atlético Madrid,27,1992,29.0,91,3.25,58,26,0,3,4,8,0.29,8,0,0,0,0,0,Matches
265,Geoffrey Kondogbia\Geoffrey-Kondogbia,cf CTA,MF,Valencia,26,1993,20.0,17,0.85,14,0,1,1,1,1,0.05,1,0,0,0,0,0,Matches
266,Jules Koundé\Jules-Kounde,fr FRA,DF,Sevilla,20,1998,24.7,14,0.59,10,1,2,1,0,3,0.13,2,0,0,1,0,0,Matches
267,Leonardo Koutris\Leonardo-Koutris,gr GRE,DF,Mallorca,24,1995,1.0,4,3.87,3,1,0,0,0,0,0.00,0,0,0,0,0,0,Matches
268,İsmail Köybaşı\Ismail-Koybasi,tr TUR,DFFW,Granada,30,1989,2.6,5,1.95,5,0,0,0,0,0,0.00,0,0,0,0,0,0,Matches
269,Toni Kroos\Toni-Kroos,de GER,MF,Real Madrid,29,1990,29.1,102,3.50,60,32,2,5,3,7,0.24,4,3,0,0,0,0,Matches
270,Takefusa Kubo\Takefusa-Kubo,jp JPN,MFFW,Mallorca,18,2001,25.3,84,3.45,53,4,12,3,12,17,0.70,11,0,2,1,3,0,Matches
271,Víctor Laguardia\Victor-Laguardia,es ESP,DF,Alavés,29,1989,29.0,14,0.50,14,0,0,0,0,3,0.11,3,0,0,0,0,0,Matches
272,Diego Lainez\Diego-Lainez,mx MEX,MFFW,Betis,19,2000,3.6,3,0.82,3,0,0,0,0,0,0.00,0,0,0,0,0,0,Matches
273,Larra\Larra,es ESP,FWMF,Athletic Club,21,1997,2.8,4,1.44,0,1,0,1,2,1,0.36,0,0,0,0,1,0,Matches
274,Toni Lato\Toni-Lato,es ESP,DFMF,Osasuna,21,1997,4.5,5,1.11,5,0,0,0,0,1,0.22,1,0,0,0,0,0,Matches
275,Robin Le Normand\Robin-Le-Normand,fr FRA,DF,Real Sociedad,22,1996,25.6,9,0.37,9,0,0,0,0,1,0.04,1,0,0,0,0,0,Matches
276,Wu Lei\Wu-Lei,cn CHN,FWMF,Espanyol,27,1991,18.3,24,1.31,17,0,3,3,1,2,0.11,1,0,0,1,0,0,Matches
277,Iñigo Lekue\Inigo-Lekue,es ESP,DFFW,Athletic Club,26,1993,5.9,11,1.86,6,1,3,1,0,2,0.34,1,0,1,0,0,0,Matches
278,Thomas Lemar\Thomas-Lemar,fr FRA,MF,Atlético Madrid,23,1995,10.3,18,1.76,9,4,2,3,0,1,0.10,1,0,0,0,0,0,Matches
279,Clément Lenglet\Clement-Lenglet,fr FRA,DF,Barcelona,24,1995,26.4,14,0.53,14,0,0,0,0,3,0.11,3,0,0,0,0,0,Matches
280,Pedro León\Pedro-Leon,es ESP,MFFW,Eibar,32,1986,20.9,62,3.09,31,25,4,1,1,4,0.20,3,1,0,0,0,0,Matches
281,Sergio León\Sergio-Leon,es ESP,FW,Levante,30,1989,6.7,6,0.89,2,0,0,3,1,1,0.15,0,0,0,1,0,0,Matches
282,Lillo\Lillo,es ESP,DF,Osasuna,30,1989,2.2,3,1.38,3,0,0,0,0,0,0.00,0,0,0,0,0,0,Matches
283,Diego Llorente\Diego-Llorente,es ESP,DF,Real Sociedad,25,1993,25.4,14,0.57,13,0,0,0,1,2,0.08,1,0,0,0,1,0,Matches
284,Marcos Llorente\Marcos-Llorente,es ESP,MFFW,Atlético Madrid,24,1995,14.9,23,1.63,18,0,3,0,2,7,0.50,3,0,2,0,2,0,Matches
285,Stanislav Lobotka\Stanislav-Lobotka,sk SVK,MF,Celta Vigo,24,1994,15.4,25,1.63,22,0,0,1,2,2,0.13,2,0,0,0,0,0,Matches
286,Renan Lodi\Renan-Lodi,br BRA,DF,Atlético Madrid,21,1998,25.6,30,1.17,27,0,0,1,2,2,0.08,2,0,0,0,0,0,Matches
287,Rony Lopes\Rony-Lopes,pt POR,FW,Sevilla,23,1995,1.5,1,0.67,1,0,0,0,0,1,0.67,1,0,0,0,0,0,Matches
288,Adrián López\Adrian-Lopez,es ESP,FWMF,Osasuna,31,1988,15.2,42,2.77,38,0,2,1,1,3,0.20,2,0,0,1,0,0,Matches
289,David López\David-Lopez,es ESP,DFMF,Espanyol,29,1989,26.4,29,1.10,26,1,0,0,2,4,0.15,3,0,0,0,1,0,Matches
290,Diego López\Diego-Lopez,es ESP,GK,Espanyol,37,1981,35.9,5,0.14,1,4,0,0,0,1,0.03,0,1,0,0,0,0,Matches
291,Javi López\Javi-Lopez,es ESP,DF,Espanyol,33,1986,15.4,20,1.30,17,2,0,0,1,0,0.00,0,0,0,0,0,0,Matches
292,Javi López\Javi-Lopez,es ESP,DF,Alavés,17,2002,1.0,0,0.00,0,0,0,0,0,0,0.00,0,0,0,0,0,0,Matches
293,Lluis López\Lluis-Lopez,es ESP,DF,Espanyol,22,1997,3.3,4,1.20,4,0,0,0,0,0,0.00,0,0,0,0,0,0,Matches
294,Roberto López\Roberto-Lopez,es ESP,MF,Real Sociedad,19,2000,0.3,3,11.25,3,0,0,0,0,2,7.50,2,0,0,0,0,0,Matches
295,Unai López\Unai-Lopez,es ESP,MF,Athletic Club,23,1995,19.3,45,2.46,23,21,0,0,1,5,0.27,4,1,0,0,0,0,Matches
296,Iker Losada\Iker-Losada,es ESP,MFFW,Celta Vigo,17,2001,0.1,0,0.00,0,0,0,0,0,0,0.00,0,0,0,0,0,0,Matches
297,Pol Lozano\Pol-Lozano,es ESP,MFFW,Espanyol,19,1999,0.9,0,0.00,0,0,0,0,0,0,0.00,0,0,0,0,0,0,Matches
298,José Luis Gayà\Jose-Luis-Gaya,es ESP,DF,Valencia,24,1995,22.1,21,0.95,19,0,1,0,1,3,0.14,3,0,0,0,0,0,Matches
299,José Luis Morales\Jose-Luis-Morales,es ESP,FWMF,Levante,32,1987,27.0,63,2.35,49,1,7,4,2,6,0.22,4,0,1,1,0,0,Matches
300,José Luis Rodríguez\Jose-Luis-Rodriguez,pa PAN,FW,Alavés,21,1998,0.2,0,0.00,0,0,0,0,0,0,0.00,0,0,0,0,0,0,Matches
301,Darwin Machís\Darwin-Machis,ve VEN,FWMF,Granada,26,1993,23.7,77,3.39,43,18,6,5,5,9,0.40,6,0,0,3,0,0,Matches
302,Lisandro Magallán\Lisandro-Magallan,ar ARG,DF,Alavés,25,1993,12.3,5,0.41,4,1,0,0,0,2,0.16,2,0,0,0,0,0,Matches
303,Abdallahi Mahmoud\Abdallahi-Mahmoud,mr MTN,MF,Alavés,19,2000,1.4,0,0.00,0,0,0,0,0,0,0.00,0,0,0,0,0,0,Matches
304,Nemanja Maksimović\Nemanja-Maksimovic,rs SRB,MF,Getafe,24,1995,31.2,34,1.11,27,2,0,3,2,3,0.10,3,0,0,0,0,0,Matches
305,Hugo Mallo\Hugo-Mallo,es ESP,DF,Celta Vigo,28,1991,20.8,26,1.26,20,2,2,0,2,2,0.10,1,0,1,0,0,0,Matches
306,Aïssa Mandi\Aissa-Mandi,dz ALG,DF,Betis,27,1991,28.6,16,0.58,16,0,0,0,0,1,0.04,1,0,0,0,0,0,Matches
307,Eliaquim Mangala\Eliaquim-Mangala,fr FRA,DF,Valencia,28,1991,6.5,0,0.00,0,0,0,0,0,0,0.00,0,0,0,0,0,0,Matches
308,Marcelo\Marcelo,br BRA,DF,Real Madrid,31,1988,14.4,50,3.47,45,0,2,1,2,7,0.49,5,0,0,0,2,0,Matches
309,Óscar de Marcos\Oscar-de-Marcos,es ESP,FWDF,Athletic Club,30,1989,6.0,11,2.09,7,4,0,0,0,1,0.19,1,0,0,0,0,0,Matches
310,Miguel Marí\Miguel-Mari,es ESP,MF,Eibar,22,1997,0.1,0,0.00,0,0,0,0,0,0,0.00,0,0,0,0,0,0,Matches
311,José María Giménez\Jose-Maria-Gimenez,uy URU,DF,Atlético Madrid,24,1995,19.4,9,0.49,8,0,0,0,1,0,0.00,0,0,0,0,0,0,Matches
312,Mariano\Mariano,do DOM,FW,Real Madrid,25,1993,0.5,2,4.00,1,0,1,0,0,1,2.00,0,0,1,0,0,0,Matches
313,Adrián Marín\Adrian-Marin,es ESP,DF,Alavés,22,1997,8.5,8,1.07,5,2,0,1,0,0,0.00,0,0,0,0,0,0,Matches
314,Guillermo Maripán\Guillermo-Maripan,cl CHI,DF,Alavés,25,1994,1.0,0,0.00,0,0,0,0,0,0,0.00,0,0,0,0,0,0,Matches
315,Roger Martí\Roger-Marti,es ESP,FW,Levante,28,1991,24.2,35,1.49,27,0,0,0,8,3,0.13,0,0,0,0,3,0,Matches
316,Daniel Martín\Daniel-Martin,es ESP,GK,Betis,21,1998,4.9,2,0.51,2,0,0,0,0,0,0.00,0,0,0,0,0,0,Matches
317,Álex Martínez\Alex-Martinez,es ESP,DF,Granada,28,1990,0.2,0,0.00,0,0,0,0,0,0,0.00,0,0,0,0,0,0,Matches
318,Iñigo Martínez\Inigo-Martinez,es ESP,DF,Athletic Club,28,1991,32.0,23,0.72,11,3,1,3,5,3,0.09,1,1,0,0,1,0,Matches
319,Pablo Martínez\Pablo-Martinez,es ESP,MFFW,Levante,21,1998,0.4,1,2.73,0,1,0,0,0,0,0.00,0,0,0,0,0,0,Matches
320,Jordi Masip\Jordi-Masip,es ESP,GK,Valladolid,30,1989,35.0,7,0.20,4,3,0,0,0,0,0.00,0,0,0,0,0,0,Matches
321,Jaime Mata\Jaime-Mata,es ESP,FW,Getafe,30,1988,29.6,64,2.21,48,0,7,1,8,9,0.31,5,0,2,1,1,0,Matches
322,Borja Mayoral\Borja-Mayoral,es ESP,FW,Levante,22,1997,23.5,59,2.60,45,0,5,5,4,10,0.44,6,0,2,1,1,0,Matches
323,Óscar Melendo\Oscar-Melendo,es ESP,MFFW,Espanyol,21,1997,11.7,26,2.22,22,0,0,0,4,1,0.09,1,0,0,0,0,0,Matches
324,Gonzalo Melero\Gonzalo-Melero,es ESP,MF,Levante,25,1994,12.8,18,1.42,14,0,1,1,2,1,0.08,1,0,0,0,0,0,Matches
325,Arthur Melo\Arthur-Melo,br BRA,MF,Barcelona,22,1996,13.1,28,2.13,22,1,1,0,4,8,0.61,5,0,0,0,3,0,Matches
326,Brais Méndez\Brais-Mendez,es ESP,MFFW,Celta Vigo,22,1997,15.5,30,2.06,24,2,2,0,2,4,0.28,3,1,0,0,0,0,Matches
327,Édgar Méndez\Edgar-Mendez,es ESP,MFFW,Alavés,28,1991,8.6,13,1.65,10,0,1,0,2,0,0.00,0,0,0,0,0,0,Matches
328,Ferland Mendy\Ferland-Mendy,fr FRA,DF,Real Madrid,24,1995,19.1,37,1.94,30,3,2,0,2,6,0.31,4,0,1,0,1,0,Matches
329,Fran Mérida\Fran-Merida,es ESP,MF,Osasuna,29,1990,12.3,21,1.71,17,2,0,1,1,2,0.16,2,0,0,0,0,0,Matches
330,Mikel Merino\Mikel-Merino,es ESP,MF,Real Sociedad,23,1996,33.9,70,2.13,60,0,0,4,5,8,0.24,7,0,0,0,0,1,Matches
331,Sabin Merino\Sabin-Merino,es ESP,FW,Leganés,27,1992,0.9,1,1.15,1,0,0,0,0,0,0.00,0,0,0,0,0,0,Matches
332,Roque Mesa\Roque-Mesa,es ESP,MF,Leganés,30,1989,22.0,49,2.27,35,8,2,0,4,7,0.32,6,0,0,0,1,0,Matches
333,Lionel Messi\Lionel-Messi,ar ARG,FWMF,Barcelona,32,1987,31.0,210,6.77,119,18,35,12,26,32,1.03,19,5,4,2,2,0,Matches
334,Míchel\Michel,es ESP,MF,Valladolid,31,1988,23.2,55,2.37,37,16,0,2,0,5,0.22,3,2,0,0,0,0,Matches
335,Miguel\Miguel,es ESP,FW,Valladolid,19,1999,2.6,4,1.55,2,0,2,0,0,0,0.00,0,0,0,0,0,0,Matches
336,Éder Militão\Eder-Militao,br BRA,DF,Real Madrid,21,1998,10.4,4,0.39,4,0,0,0,0,0,0.00,0,0,0,0,0,0,Matches
337,Santi Mina\Santi-Mina,es ESP,FWMF,Celta Vigo,23,1995,20.6,42,2.14,28,0,4,5,5,6,0.31,2,0,1,1,2,0,Matches
338,Jorge Miramón\Jorge-Miramon,es ESP,DF,Levante,30,1989,27.0,36,1.36,35,0,1,0,0,5,0.19,5,0,0,0,0,0,Matches
339,Luka Modrić\Luka-Modric,hr CRO,MF,Real Madrid,33,1985,22.2,88,3.97,68,9,5,3,3,16,0.72,11,1,0,1,3,0,Matches
340,Jorge Molina\Jorge-Molina,es ESP,FW,Getafe,37,1982,20.8,59,2.88,43,1,6,1,8,10,0.49,4,1,4,0,1,0,Matches
341,Jon Moncayola\Jon-Moncayola,es ESP,MFDF,Osasuna,21,1998,16.3,21,1.29,18,1,1,0,1,1,0.06,1,0,0,0,0,0,Matches
342,Nacho Monreal\Nacho-Monreal,es ESP,DF,Real Sociedad,33,1986,25.6,24,0.96,19,3,0,0,2,1,0.04,1,0,0,0,0,0,Matches
343,Ángel Montoro\Angel-Montoro,es ESP,MF,Granada,31,1988,10.5,34,3.34,16,12,0,2,4,5,0.49,1,3,0,0,1,0,Matches
344,Álvaro Morata\Alvaro-Morata,es ESP,FW,Atlético Madrid,26,1992,22.6,54,2.41,40,0,4,6,4,4,0.18,3,0,0,0,1,0,Matches
345,Alberto Moreno\Alberto-Moreno,es ESP,DF,Villarreal,27,1992,15.3,18,1.17,15,2,0,0,1,2,0.13,1,0,0,0,1,0,Matches
346,Álex Moreno\Alex-Moreno,es ESP,DF,Betis,26,1993,25.2,58,2.35,44,2,8,3,1,5,0.20,3,0,1,1,0,0,Matches
347,Gerard Moreno\Gerard-Moreno,es ESP,FWMF,Villarreal,27,1992,29.5,87,2.95,68,2,8,5,4,16,0.54,9,0,2,3,2,0,Matches
348,Manu Morlanes\Manu-Morlanes,es ESP,MFFW,Villarreal,20,1999,2.8,7,2.52,7,0,0,0,0,0,0.00,0,0,0,0,0,0,Matches
349,Loren Morón\Loren-Moron,es ESP,FW,Betis,25,1993,21.6,32,1.50,20,0,4,2,6,5,0.23,4,0,0,1,0,0,Matches
350,Toni Moya\Toni-Moya,es ESP,MF,Atlético Madrid,21,1998,0.0,0,0.00,0,0,0,0,0,0,0.00,0,0,0,0,0,0,Matches
351,Javi Moyano\Javi-Moyano,es ESP,DF,Valladolid,33,1986,23.7,30,1.32,24,0,2,0,4,1,0.04,1,0,0,0,0,0,Matches
352,Iker Muniain\Iker-Muniain,es ESP,FWMF,Athletic Club,26,1992,26.0,71,2.84,51,5,8,1,5,7,0.28,5,0,0,1,0,1,Matches
353,Aihen Muñoz\Aihen-Munoz,es ESP,DF,Real Sociedad,21,1997,10.9,7,0.67,6,0,0,0,1,1,0.10,1,0,0,0,0,0,Matches
354,Javier Muñoz\Javier-Munoz,es ESP,MF,Alavés,24,1995,0.6,0,0.00,0,0,0,0,0,0,0.00,0,0,0,0,0,0,Matches
355,Jeison Murillo\Jeison-Murillo,co COL,DF,Celta Vigo,27,1992,16.0,1,0.07,1,0,0,0,0,0,0.00,0,0,0,0,0,0,Matches
356,Nacho\Nacho,es ESP,DF,Real Madrid,29,1990,4.4,7,1.60,7,0,0,0,0,0,0.00,0,0,0,0,0,0,Matches
357,Nacho\Nacho,es ESP,DF,Valladolid,30,1989,20.0,41,2.15,36,2,1,0,2,5,0.26,4,0,0,0,1,0,Matches
358,Naldo\Naldo,br BRA,DF,Espanyol,30,1988,14.7,8,0.54,6,0,0,2,0,3,0.20,1,0,0,2,0,0,Matches
359,Marc Navarro\Marc-Navarro,es ESP,DF,Leganés,24,1995,2.4,1,0.41,0,0,0,1,0,0,0.00,0,0,0,0,0,0,Matches
360,Ximo Navarro\Ximo-Navarro,es ESP,DF,Alavés,29,1990,21.1,6,0.28,4,2,0,0,0,0,0.00,0,0,0,0,0,0,Matches
361,Jesús Navas\Jesus-Navas,es ESP,DF,Sevilla,33,1985,36.4,92,2.60,81,5,3,1,2,15,0.42,12,0,2,0,1,0,Matches
362,Raúl Navas\Raul-Navas,es ESP,DF,Osasuna,31,1988,7.9,3,0.38,3,0,0,0,0,0,0.00,0,0,0,0,0,0,Matches
363,Neto\Neto,br BRA,GK,Barcelona,30,1989,1.0,1,1.00,0,1,0,0,0,0,0.00,0,0,0,0,0,0,Matches
364,Carlos Neva\Carlos-Neva,es ESP,DF,Granada,23,1996,23.5,13,0.58,11,1,0,1,0,1,0.04,1,0,0,0,0,0,Matches
365,Saúl Ñíguez\Saul-Niguez,es ESP,MFDF,Atlético Madrid,24,1994,34.1,50,1.50,40,1,2,5,2,2,0.06,1,1,0,0,0,0,Matches
366,Fernando Niño\Fernando-Nino,es ESP,FW,Villarreal,18,2000,0.9,1,1.08,1,0,0,0,0,0,0.00,0,0,0,0,0,0,Matches
367,Nolito\Nolito,es ESP,FWMF,Celta Vigo,32,1986,3.6,11,3.54,10,1,0,0,0,2,0.64,2,0,0,0,0,0,Matches
368,Nolito\Nolito,es ESP,FW,Sevilla,32,1986,10.0,31,3.11,20,2,4,4,1,2,0.20,0,0,1,0,1,0,Matches
369,Unai Núñez\Unai-Nunez,es ESP,DF,Athletic Club,22,1997,16.5,4,0.26,4,0,0,0,0,1,0.06,1,0,0,0,0,0,Matches
370,Allan Nyom\Allan-Nyom,cm CMR,DFMF,Getafe,31,1988,26.9,17,0.66,13,1,1,1,1,2,0.08,1,0,1,0,0,0,Matches
371,Jan Oblak\Jan-Oblak,si SVN,GK,Atlético Madrid,26,1993,36.7,2,0.06,1,1,0,0,0,0,0.00,0,0,0,0,0,0,Matches
372,Lucas Ocampos\Lucas-Ocampos,ar ARG,FW,Sevilla,25,1994,29.6,63,2.16,41,0,10,3,9,8,0.27,5,0,2,0,1,0,Matches
373,Álvaro Odriozola\Alvaro-Odriozola,es ESP,DF,Real Madrid,23,1995,3.8,10,2.62,7,0,2,0,1,2,0.52,2,0,0,0,0,0,Matches
374,Lucas Olaza\Lucas-Olaza,uy URU,DF,Celta Vigo,25,1994,33.9,52,1.58,35,12,0,3,2,6,0.18,2,1,0,1,2,0,Matches
375,Oier Olazábal\Oier-Olazabal,es ESP,GK,Espanyol,29,1989,1.0,0,0.00,0,0,0,0,0,0,0.00,0,0,0,0,0,0,Matches
376,Kiko Olivas\Kiko-Olivas,es ESP,DF,Valladolid,30,1988,32.7,13,0.40,8,1,0,2,2,1,0.03,0,0,0,1,0,0,Matches
377,Paulo Oliveira\Paulo-Oliveira,pt POR,DF,Eibar,27,1992,23.2,6,0.26,4,0,0,1,1,0,0.00,0,0,0,0,0,0,Matches
378,Mathías Olivera\Mathias-Olivera,uy URU,DF,Getafe,21,1997,19.8,18,0.94,13,1,3,0,1,3,0.16,1,1,1,0,0,0,Matches
379,Kenneth Omeruo\Kenneth-Omeruo,ng NGA,DF,Leganés,25,1993,20.8,7,0.34,6,1,0,0,0,0,0.00,0,0,0,0,0,0,Matches
380,Javier Ontiveros\Javier-Ontiveros,es ESP,FWMF,Villarreal,21,1997,9.6,32,3.35,19,4,5,1,3,4,0.42,3,0,0,0,1,0,Matches
381,Fabián Orellana\Fabian-Orellana,cl CHI,MFFW,Eibar,33,1986,26.6,95,3.58,47,25,13,3,7,13,0.49,6,2,2,1,2,0,Matches
382,Mikel Oyarzabal\Mikel-Oyarzabal,es ESP,FWMF,Real Sociedad,22,1997,33.0,85,2.65,69,6,5,1,4,16,0.50,13,2,0,0,1,0,Matches
383,Fernando Pacheco\Fernando-Pacheco,es ESP,GK,Alavés,27,1992,26.2,4,0.15,3,1,0,0,0,0,0.00,0,0,0,0,0,0,Matches
384,Jon Pacheco\Jon-Pacheco,es ESP,DF,Real Sociedad,18,2001,0.9,0,0.00,0,0,0,0,0,0,0.00,0,0,0,0,0,0,Matches
385,Daniel Parejo\Daniel-Parejo,es ESP,MF,Valencia,30,1989,32.6,102,3.13,56,36,1,3,5,13,0.40,6,4,0,0,2,1,Matches
386,Thomas Partey\Thomas-Partey,gh GHA,MF,Atlético Madrid,26,1993,27.7,47,1.71,35,3,6,2,1,8,0.29,4,0,2,2,0,0,Matches
387,Paulino\Paulino,es ESP,MF,Alavés,22,1997,0.8,0,0.00,0,0,0,0,0,0,0.00,0,0,0,0,0,0,Matches
388,Gabriel Paulista\Gabriel-Paulista,br BRA,DF,Valencia,28,1990,30.1,6,0.20,6,0,0,0,0,1,0.03,1,0,0,0,0,0,Matches
389,Alfonso Pedraza\Alfonso-Pedraza,es ESP,DF,Betis,23,1996,15.0,25,1.73,17,1,4,1,2,0,0.00,0,0,0,0,0,0,Matches
390,Marc Pedraza\Marc-Pedraza,es ESP,MF,Mallorca,32,1987,1.4,1,0.69,1,0,0,0,0,0,0.00,0,0,0,0,0,0,Matches
391,Pedrosa\Pedrosa,es ESP,DFMF,Espanyol,21,1998,12.0,22,1.84,17,1,3,0,1,2,0.17,1,0,1,0,0,0,Matches
392,Rubén Peña\Ruben-Pena,es ESP,DF,Villarreal,28,1991,20.2,29,1.43,26,0,2,1,0,4,0.20,3,0,1,0,0,0,Matches
393,Luis Perea\Luis-Perea,es ESP,FWMF,Osasuna,21,1997,0.2,0,0.00,0,0,0,0,0,0,0.00,0,0,0,0,0,0,Matches
394,Victor Perea\Victor-Perea,es ESP,DF,Espanyol,19,2000,14.1,24,1.70,17,4,0,0,3,0,0.00,0,0,0,0,0,0,Matches
395,Gonzalo Pereira Cejudo\Gonzalo-Pereira-Cejudo,es ESP,DF,Levante,22,1997,0.1,0,0.00,0,0,0,0,0,0,0.00,0,0,0,0,0,0,Matches
396,Carles Pérez\Carles-Perez,es ESP,FW,Barcelona,21,1998,5.3,15,2.84,13,0,0,2,0,6,1.13,5,0,0,1,0,0,Matches
397,Iñigo Pérez\Inigo-Perez,es ESP,MF,Osasuna,31,1988,11.7,29,2.49,19,10,0,0,0,4,0.34,3,1,0,0,0,0,Matches
398,Juan Pérez\Juan-Perez,es ESP,GK,Osasuna,23,1996,2.0,0,0.00,0,0,0,0,0,0,0.00,0,0,0,0,0,0,Matches
399,Kike Pérez\Kike-Perez,es ESP,MFFW,Valladolid,22,1997,2.4,7,2.89,5,0,0,0,2,0,0.00,0,0,0,0,0,0,Matches
400,Lucas Pérez\Lucas-Perez,es ESP,FW,Alavés,30,1988,27.2,90,3.30,43,33,4,6,4,9,0.33,6,2,1,0,0,0,Matches
401,Rubén Pérez\Ruben-Perez,es ESP,MF,Leganés,30,1989,24.4,22,0.94,17,4,0,1,0,1,0.04,1,0,0,0,0,0,Matches
402,Samuel Pérez\Samuel-Perez,es ESP,GK,Valladolid,22,1997,0.3,,,,,,,,,,,,,,,,Matches
403,Pablo Piatti\Pablo-Piatti,ar ARG,DFMF,Espanyol,30,1989,0.6,0,0.00,0,0,0,0,0,0,0.00,0,0,0,0,0,0,Matches
404,Cristiano Piccini\Cristiano-Piccini,it ITA,DF,Valencia,26,1992,0.8,1,1.20,0,0,0,0,1,0,0.00,0,0,0,0,0,0,Matches
405,Tomás Pina Isla\Tomas-Pina-Isla,es ESP,MF,Alavés,31,1987,14.9,10,0.67,9,0,0,0,1,1,0.07,0,0,0,0,1,0,Matches
406,Pipa\Pipa,es ESP,DF,Espanyol,21,1998,4.3,9,2.11,6,2,0,0,1,0,0.00,0,0,0,0,0,0,Matches
407,Gerard Piqué\Gerard-Pique,es ESP,DF,Barcelona,32,1987,34.4,12,0.35,12,0,0,0,0,1,0.03,1,0,0,0,0,0,Matches
408,Óscar Plano\Oscar-Plano,es ESP,MF,Valladolid,28,1991,26.8,41,1.53,33,0,1,1,6,3,0.11,2,0,0,0,1,0,Matches
409,Pere Pons\Pere-Pons,es ESP,MF,Alavés,26,1993,11.6,9,0.80,8,0,0,0,1,2,0.18,1,0,0,0,1,0,Matches
410,Pedro Porro\Pedro-Porro,es ESP,DFMF,Valladolid,19,1999,8.2,8,0.97,8,0,0,0,0,1,0.12,1,0,0,0,0,0,Matches
411,Francisco Portillo\Francisco-Portillo,es ESP,MF,Getafe,29,1990,4.2,14,3.37,12,0,0,0,2,3,0.72,2,0,0,0,1,0,Matches
412,Portu\Portu,es ESP,FWMF,Real Sociedad,27,1992,26.3,67,2.62,54,3,4,5,1,11,0.43,9,0,2,0,0,0,Matches
413,Sergio Postigo\Sergio-Postigo,es ESP,DF,Levante,30,1988,25.4,11,0.43,10,0,1,0,0,2,0.08,2,0,0,0,0,0,Matches
414,Florent Poulolo\Florent-Poulolo,fr FRA,MFDF,Getafe,22,1997,0.0,0,0.00,0,0,0,0,0,0,0.00,0,0,0,0,0,0,Matches
415,Darío Poveda\Dario-Poveda,es ESP,FW,Atlético Madrid,22,1997,0.1,0,0.00,0,0,0,0,0,0,0.00,0,0,0,0,0,0,Matches
416,Alejandro Pozo Pozo\Alejandro-Pozo-Pozo,es ESP,FWMF,Sevilla,20,1999,0.4,0,0.00,0,0,0,0,0,0,0.00,0,0,0,0,0,0,Matches
417,Alejandro Pozo Pozo\Alejandro-Pozo-Pozo,es ESP,DF,Mallorca,20,1999,15.6,24,1.64,20,0,2,0,2,3,0.20,2,0,1,0,0,0,Matches
418,Abdón Prats\Abdon-Prats,es ESP,FWMF,Mallorca,26,1992,3.1,1,0.33,1,0,0,0,0,0,0.00,0,0,0,0,0,0,Matches
419,Antonio Puertas\Antonio-Puertas,es ESP,FWMF,Granada,27,1992,27.6,53,1.99,33,2,9,3,6,6,0.23,4,0,0,1,1,0,Matches
420,Riqui Puig\Riqui-Puig,es ESP,MF,Barcelona,19,1999,4.7,15,3.21,11,1,0,0,3,0,0.00,0,0,0,0,0,0,Matches
421,Quini\Quini,es ESP,DF,Granada,29,1989,8.0,12,1.50,10,0,0,2,0,0,0.00,0,0,0,0,0,0,Matches
422,Xavi Quintillà\Xavi-Quintilla,es ESP,DF,Villarreal,22,1996,17.5,32,1.83,28,3,0,0,0,3,0.17,2,0,0,0,0,1,Matches
423,Quique\Quique,es ESP,FW,Eibar,29,1990,5.4,11,2.40,7,0,2,0,2,2,0.44,1,0,1,0,0,0,Matches
424,Nemanja Radoja\Nemanja-Radoja,rs SRB,MF,Levante,26,1993,21.1,17,0.84,12,0,3,0,2,3,0.15,2,0,1,0,0,0,Matches
425,Rafinha\Rafinha,br BRA,MF,Celta Vigo,26,1993,23.5,58,2.58,45,0,4,2,7,6,0.27,4,0,0,0,2,0,Matches
426,Rafinha\Rafinha,br BRA,FWMF,Barcelona,26,1993,2.1,13,6.29,6,3,3,0,1,0,0.00,0,0,0,0,0,0,Matches
427,Baba Rahman\Baba-Rahman,gh GHA,DF,Mallorca,25,1994,1.2,0,0.00,0,0,0,0,0,0,0.00,0,0,0,0,0,0,Matches
428,Antonio Raillo\Antonio-Raillo,es ESP,DF,Mallorca,27,1991,30.8,12,0.40,11,0,0,0,1,0,0.00,0,0,0,0,0,0,Matches
429,Ivan Rakitić\Ivan-Rakitic,hr CRO,MF,Barcelona,31,1988,17.7,41,2.32,33,5,0,0,3,5,0.28,5,0,0,0,0,0,Matches
430,Sandro Ramírez\Sandro-Ramirez,es ESP,FWMF,Valladolid,24,1995,13.8,27,2.11,17,1,4,1,4,1,0.08,1,0,0,0,0,0,Matches
431,Iván Ramis\Ivan-Ramis,es ESP,DF,Eibar,34,1984,5.1,0,0.00,0,0,0,0,0,0,0.00,0,0,0,0,0,0,Matches
432,Adrián Ramos\Adrian-Ramos,co COL,FW,Granada,33,1986,2.5,4,1.59,2,0,0,1,1,1,0.40,0,0,0,1,0,0,Matches
433,Sergio Ramos\Sergio-Ramos,es ESP,DF,Real Madrid,33,1986,33.0,20,0.61,17,0,2,0,1,2,0.06,1,0,0,0,1,0,Matches
434,Raúl\Raul,es ESP,FWMF,Betis,18,2000,0.2,0,0.00,0,0,0,0,0,0,0.00,0,0,0,0,0,0,Matches
435,Recio\Recio,es ESP,MF,Leganés,28,1991,16.8,27,1.60,20,1,2,1,3,0,0.00,0,0,0,0,0,0,Matches
436,Sergio Reguilón\Sergio-Reguilon,es ESP,DF,Sevilla,22,1996,26.9,62,2.40,52,2,3,3,2,8,0.31,5,1,0,1,1,0,Matches
437,Manolo Reina\Manolo-Reina,es ESP,GK,Mallorca,34,1985,36.0,3,0.09,3,0,0,0,0,0,0.00,0,0,0,0,0,0,Matches
438,Álex Remiro\Alex-Remiro,es ESP,GK,Real Sociedad,24,1995,25.0,4,0.16,3,1,0,0,0,0,0.00,0,0,0,0,0,0,Matches
439,Nico Ribaudo\Nico-Ribaudo,es ESP,MFFW,Espanyol,18,2001,1.1,3,2.65,2,0,0,1,0,0,0.00,0,0,0,0,0,0,Matches
440,Luis Rioja\Luis-Rioja,es ESP,MF,Alavés,25,1993,17.7,25,1.50,17,4,1,0,3,1,0.06,1,0,0,0,0,0,Matches
441,Rodrigo Riquelme\Rodrigo-Riquelme,es ESP,MF,Atlético Madrid,19,2000,0.1,0,0.00,0,0,0,0,0,0,0.00,0,0,0,0,0,0,Matches
442,Cristian Rivera\Cristian-Rivera,es ESP,MF,Leganés,22,1997,3.5,2,0.58,2,0,0,0,0,0,0.00,0,0,0,0,0,0,Matches
443,Rober\Rober,es ESP,DF,Levante,24,1995,2.1,2,1.78,2,0,0,0,0,0,0.00,0,0,0,0,0,0,Matches
444,Roberto\Roberto,es ESP,GK,Alavés,33,1986,7.8,1,0.15,1,0,0,0,0,0,0.00,0,0,0,0,0,0,Matches
445,Sergi Roberto\Sergi-Roberto,es ESP,DFMF,Barcelona,27,1992,25.0,50,2.00,47,0,1,0,2,8,0.32,8,0,0,0,0,0,Matches
446,Joel Robles\Joel-Robles,es ESP,GK,Betis,29,1990,32.1,3,0.09,2,1,0,0,0,0,0.00,0,0,0,0,0,0,Matches
447,Marc Roca\Marc-Roca,es ESP,MF,Espanyol,22,1996,32.5,59,1.81,45,10,2,2,0,4,0.12,3,1,0,0,0,0,Matches
448,Rubén Rochina\Ruben-Rochina,es ESP,MF,Levante,28,1991,20.8,54,2.72,40,3,2,4,5,6,0.30,4,0,0,1,1,0,Matches
449,Rodrigo\Rodrigo,es ESP,FW,Valencia,28,1991,20.9,44,2.11,38,0,1,1,4,12,0.57,9,0,1,0,2,0,Matches
450,Kévin Rodrigues\Kevin-Rodrigues,pt POR,DF,Real Sociedad,25,1994,0.1,0,0.00,0,0,0,0,0,0,0.00,0,0,0,0,0,0,Matches
451,Kévin Rodrigues\Kevin-Rodrigues,pt POR,DFMF,Leganés,25,1994,21.5,52,2.42,31,11,4,2,4,3,0.14,2,1,0,0,0,0,Matches
452,Óscar Rodríguez Arnaiz\Oscar-Rodriguez-Arnaiz,es ESP,MFFW,Leganés,21,1998,20.8,65,3.13,42,8,7,2,6,5,0.24,3,0,0,1,1,0,Matches
453,Ángel Rodríguez\Angel-Rodriguez,es ESP,FW,Getafe,32,1987,14.6,32,2.24,21,0,3,2,6,6,0.42,3,0,2,0,1,0,Matches
454,Dani Rodríguez\Dani-Rodriguez,es ESP,MFFW,Mallorca,31,1988,32.8,66,2.08,43,8,3,3,9,9,0.28,3,0,0,2,4,0,Matches
455,Guido Rodríguez\Guido-Rodriguez,ar ARG,MF,Betis,25,1994,10.4,7,0.74,6,0,0,0,1,1,0.11,1,0,0,0,0,0,Matches
456,James Rodríguez\James-Rodriguez,co COL,MF,Real Madrid,28,1991,4.7,24,5.16,18,4,0,0,2,1,0.21,1,0,0,0,0,0,Matches
457,Mario Rodriguez\Mario-Rodriguez,es ESP,FW,Granada,22,1997,0.0,0,0.00,0,0,0,0,0,0,0.00,0,0,0,0,0,0,Matches
458,Rodrygo\Rodrygo,br BRA,FW,Real Madrid,18,2001,11.3,31,2.74,27,1,1,0,2,1,0.09,1,0,0,0,0,0,Matches
459,Luka Romero\Luka-Romero,ar ARG,MF,Mallorca,14,2004,0.1,0,0.00,0,0,0,0,0,0,0.00,0,0,0,0,0,0,Matches
460,Facundo Roncaglia\Facundo-Roncaglia,ar ARG,DF,Osasuna,32,1987,13.2,9,0.68,7,0,1,0,1,0,0.00,0,0,0,0,0,0,Matches
461,Roberto Rosales\Roberto-Rosales,ve VEN,DF,Leganés,30,1988,19.8,38,2.00,24,12,1,1,0,3,0.16,3,0,0,0,0,0,Matches
462,Rubén\Ruben,es ESP,GK,Osasuna,35,1984,16.6,2,0.12,0,2,0,0,0,0,0.00,0,0,0,0,0,0,Matches
463,Waldo Rubio\Waldo-Rubio,es ESP,MFFW,Valladolid,23,1995,8.9,31,3.47,21,0,7,1,2,2,0.22,1,0,0,1,0,0,Matches
464,Aitor Ruibal\Aitor-Ruibal,es ESP,DFMF,Leganés,23,1996,13.1,29,2.41,20,1,5,3,0,1,0.08,1,0,0,0,0,0,Matches
465,Jorge Sáenz\Jorge-Saenz,es ESP,DFFW,Celta Vigo,22,1996,4.1,3,0.73,3,0,0,0,0,0,0.00,0,0,0,0,0,0,Matches
466,Borja Sainz\Borja-Sainz,es ESP,MFFW,Alavés,18,2001,6.4,14,2.20,8,0,3,3,0,0,0.00,0,0,0,0,0,0,Matches
467,Yannis Salibur\Yannis-Salibur,fr FRA,MFFW,Mallorca,28,1991,0.9,4,4.39,3,0,1,0,0,2,2.20,1,0,1,0,0,0,Matches
468,Mohammed Salisu\Mohammed-Salisu,gh GHA,DF,Valladolid,20,1999,30.3,4,0.13,3,0,0,0,1,2,0.07,2,0,0,0,0,0,Matches
469,Fede San Emeterio\Fede-San-Emeterio,es ESP,MF,Valladolid,22,1997,19.0,15,0.84,14,0,0,1,0,1,0.06,1,0,0,0,0,0,Matches
470,Mikel San José\Mikel-San-Jose,es ESP,MF,Athletic Club,30,1989,4.0,2,0.50,2,0,0,0,0,0,0.00,0,0,0,0,0,0,Matches
471,Oihan Sancet\Oihan-Sancet,es ESP,MF,Athletic Club,19,2000,8.2,21,2.64,15,0,2,2,2,3,0.38,2,0,0,0,1,0,Matches
472,Germán Sánchez\German-Sanchez,es ESP,DF,Granada,32,1986,24.5,5,0.21,5,0,0,0,0,1,0.04,1,0,0,0,0,0,Matches
473,Javi Sánchez\Javi-Sanchez,es ESP,DF,Valladolid,22,1997,5.0,1,0.25,1,0,0,0,0,1,0.25,1,0,0,0,0,0,Matches
474,Manuel Sánchez\Manuel-Sanchez,es ESP,DF,Atlético Madrid,18,2000,3.6,7,2.68,7,0,0,0,0,0,0.00,0,0,0,0,0,0,Matches
475,Víctor Sánchez\Victor-Sanchez,es ESP,MFDF,Espanyol,31,1987,18.6,41,2.20,26,13,1,1,0,2,0.11,1,0,1,0,0,0,Matches
476,Luca Sangalli\Luca-Sangalli,es ESP,MF,Real Sociedad,24,1995,4.1,10,2.42,8,2,0,0,0,0,0.00,0,0,0,0,0,0,Matches
477,Oier Sanjurjo\Oier-Sanjurjo,es ESP,MF,Osasuna,33,1986,25.1,35,1.39,32,0,0,0,3,2,0.08,2,0,0,0,0,0,Matches
478,Ivan Šaponjić\Ivan-Saponjic,rs SRB,FWDF,Atlético Madrid,21,1997,0.1,0,0.00,0,0,0,0,0,0,0.00,0,0,0,0,0,0,Matches
479,Joan Sastre Vanrell\Joan-Sastre-Vanrell,es ESP,DF,Mallorca,22,1997,15.1,28,1.85,24,1,0,1,1,3,0.20,2,0,0,0,0,1,Matches
480,Stefan Savić\Stefan-Savic,me MNE,DF,Atlético Madrid,28,1991,21.0,5,0.24,5,0,0,0,0,0,0.00,0,0,0,0,0,0,Matches
481,Aleksandar Sedlar\Aleksandar-Sedlar,rs SRB,DF,Mallorca,27,1991,9.0,5,0.56,5,0,0,0,0,0,0.00,0,0,0,0,0,0,Matches
482,Nélson Semedo\Nelson-Semedo,pt POR,DF,Barcelona,25,1993,22.8,32,1.40,23,0,4,0,5,6,0.26,3,0,0,0,3,0,Matches
483,Josep Señé\Josep-Sene,es ESP,MF,Mallorca,27,1991,1.7,6,3.60,5,0,1,0,0,0,0.00,0,0,0,0,0,0,Matches
484,Salva Sevilla\Salva-Sevilla,es ESP,MF,Mallorca,35,1984,28.2,92,3.39,46,37,1,4,4,5,0.18,3,1,0,1,0,0,Matches
485,Sidnei\Sidnei,br BRA,DF,Betis,29,1989,12.1,6,0.50,4,1,0,1,0,1,0.08,1,0,0,0,0,0,Matches
486,Jonathan Silva\Jonathan-Silva,ar ARG,DF,Leganés,25,1994,29.9,38,1.27,28,5,2,1,2,1,0.03,0,1,0,0,0,0,Matches
487,Rui Silva\Rui-Silva,pt POR,GK,Granada,25,1994,34.0,6,0.18,4,2,0,0,0,1,0.03,0,1,0,0,0,0,Matches
488,Unai Simón\Unai-Simon,es ESP,GK,Athletic Club,22,1997,33.2,4,0.12,4,0,0,0,0,0,0.00,0,0,0,0,0,0,Matches
489,Dimitris Siovas\Dimitris-Siovas,gr GRE,DF,Leganés,30,1988,20.3,9,0.47,6,0,1,2,0,1,0.05,0,0,0,1,0,0,Matches
490,Pione Sisto\Pione-Sisto,dk DEN,FWMF,Celta Vigo,24,1995,8.9,26,2.91,17,2,4,0,3,2,0.22,1,1,0,0,0,0,Matches
491,Antonio Sivera\Antonio-Sivera,es ESP,GK,Alavés,22,1996,3.0,0,0.00,0,0,0,0,0,0,0.00,0,0,0,0,0,0,Matches
492,Fyodor Smolov\Fyodor-Smolov,ru RUS,FW,Celta Vigo,29,1990,8.3,12,1.45,11,0,1,0,0,1,0.12,1,0,0,0,0,0,Matches
493,Rafa Soares\Rafa-Soares,pt POR,DF,Eibar,24,1995,4.3,4,1.20,1,3,0,0,0,0,0.00,0,0,0,0,0,0,Matches
494,Rubén Sobrino\Ruben-Sobrino,es ESP,FWMF,Valencia,27,1992,1.7,5,3.00,3,0,1,0,1,0,0.00,0,0,0,0,0,0,Matches
495,Roberto Soldado\Roberto-Soldado,es ESP,FW,Granada,34,1985,25.4,39,1.59,31,0,0,0,8,6,0.24,5,0,0,0,1,0,Matches
496,Carlos Soler\Carlos-Soler,es ESP,MF,Valencia,22,1997,22.2,33,1.49,25,3,0,1,4,6,0.27,3,0,0,0,3,0,Matches
497,Kévin Soni\Kevin-Soni,cm CMR,FW,Espanyol,21,1998,0.0,0,0.00,0,0,0,0,0,0,0.00,0,0,0,0,0,0,Matches
498,David Soria\David-Soria,es ESP,GK,Getafe,26,1993,37.0,5,0.14,2,3,0,0,0,0,0.00,0,0,0,0,0,0,Matches
499,Bruno Soriano\Bruno-Soriano,es ESP,MF,Villarreal,35,1984,2.0,2,1.02,1,0,0,1,0,0,0.00,0,0,0,0,0,0,Matches
500,Juan Soriano\Juan-Soriano,es ESP,GK,Leganés,21,1997,11.0,1,0.09,0,0,0,1,0,0,0.00,0,0,0,0,0,0,Matches
501,Damián Suárez\Damian-Suarez,uy URU,DF,Getafe,31,1988,27.8,75,2.70,41,22,5,2,5,9,0.32,7,0,1,1,0,0,Matches
502,Denis Suárez\Denis-Suarez,es ESP,MFFW,Celta Vigo,25,1994,18.1,56,3.09,37,14,3,1,1,5,0.28,5,0,0,0,0,0,Matches
503,Luis Suárez\Luis-Suarez,uy URU,FW,Barcelona,32,1987,21.2,68,3.21,46,0,13,6,3,17,0.80,13,0,2,1,1,0,Matches
504,Ki Sung-yueng\Ki-Sung-yueng,kr KOR,MF,Mallorca,30,1989,0.1,0,0.00,0,0,0,0,0,0,0.00,0,0,0,0,0,0,Matches
505,Suso\Suso,es ESP,FWMF,Sevilla,25,1993,8.5,29,3.77,19,4,3,1,2,4,0.52,2,1,1,0,0,0,Matches
506,Tachi\Tachi,es ESP,DF,Alavés,21,1997,2.1,0,0.00,0,0,0,0,0,0,0.00,0,0,0,0,0,0,Matches
507,Rodrigo Tarín\Rodrigo-Tarin,es ESP,DF,Leganés,23,1996,10.0,2,0.22,1,1,0,0,0,0,0.00,0,0,0,0,0,0,Matches
508,Álvaro Tejero\Alvaro-Tejero,es ESP,DF,Eibar,23,1996,16.1,21,1.39,18,2,0,0,1,0,0.00,0,0,0,0,0,0,Matches
509,Cristian Tello\Cristian-Tello,es ESP,MFFW,Betis,27,1991,7.9,19,2.40,15,2,1,1,0,0,0.00,0,0,0,0,0,0,Matches
510,Marc-André ter Stegen\Marc-Andre-ter-Stegen,de GER,GK,Barcelona,27,1992,36.0,6,0.17,5,1,0,0,0,2,0.06,1,1,0,0,0,0,Matches
511,David Timor\David-Timor,es ESP,MFDF,Getafe,29,1989,9.5,16,1.89,8,6,0,0,2,0,0.00,0,0,0,0,0,0,Matches
512,Jean-Clair Todibo\Jean-Clair-Todibo,fr FRA,DF,Barcelona,19,1999,0.9,0,0.00,0,0,0,0,0,0,0.00,0,0,0,0,0,0,Matches
513,Karl Toko Ekambi\Karl-Toko-Ekambi,cm CMR,FW,Villarreal,26,1992,11.0,22,1.99,15,0,4,2,1,5,0.45,4,0,0,1,0,0,Matches
514,Raúl de Tomás\Raul-de-Tomas,es ESP,FW,Espanyol,24,1994,11.9,28,2.34,10,0,7,3,7,2,0.17,0,0,0,0,1,1,Matches
515,Toño\Tono,es ESP,DF,Levante,29,1989,16.9,34,2.01,28,5,1,0,0,4,0.24,3,1,0,0,0,0,Matches
516,Ferrán Torres\Ferran-Torres,es ESP,MFFW,Valencia,19,2000,24.2,54,2.23,38,2,11,1,2,8,0.33,5,0,3,0,0,0,Matches
517,Óliver Torres\Oliver-Torres,es ESP,MFFW,Sevilla,24,1994,16.9,36,2.22,32,1,2,1,0,5,0.31,4,1,0,0,0,0,Matches
518,Pau Torres\Pau-Torres,es ESP,DF,Villarreal,22,1997,32.0,16,0.50,15,0,0,1,0,1,0.03,1,0,0,0,0,0,Matches
519,Roberto Torres\Roberto-Torres,es ESP,MFFW,Osasuna,30,1989,29.2,83,2.84,52,20,3,4,4,8,0.27,5,3,0,0,0,0,Matches
520,Aleksandar Trajkovski\Aleksandar-Trajkovski,mk MKD,MFDF,Mallorca,26,1992,3.5,20,6.12,9,7,2,0,2,1,0.31,0,0,0,0,1,0,Matches
521,Manu Trigueros\Manu-Trigueros,es ESP,MF,Villarreal,27,1991,17.1,60,3.51,49,5,0,3,3,5,0.29,5,0,0,0,0,0,Matches
522,Kieran Trippier\Kieran-Trippier,eng ENG,DF,Atlético Madrid,28,1990,21.1,68,3.22,36,32,0,0,0,8,0.38,5,3,0,0,0,0,Matches
523,Samuel Umtiti\Samuel-Umtiti,fr FRA,DF,Barcelona,25,1993,10.5,5,0.47,5,0,0,0,0,2,0.19,2,0,0,0,0,0,Matches
524,Enes Ünal\Enes-Unal,tr TUR,FW,Valladolid,22,1997,25.7,51,2.06,38,0,2,3,7,7,0.28,4,0,0,0,2,1,Matches
525,Tomáš Vaclík\Tomas-Vaclik,cz CZE,GK,Sevilla,30,1989,32.5,4,0.12,3,1,0,0,0,0,0.00,0,0,0,0,0,0,Matches
526,Álvaro Vadillo\Alvaro-Vadillo,es ESP,FWMF,Granada,24,1994,13.5,39,2.88,20,14,1,0,4,2,0.15,0,1,0,0,1,0,Matches
527,Germán Valera\German-Valera,es ESP,FW,Atlético Madrid,17,2002,0.0,1,22.50,1,0,0,0,0,0,0.00,0,0,0,0,0,0,Matches
528,Martin Valjent\Martin-Valjent,sk SVK,DF,Mallorca,23,1995,34.4,14,0.42,12,1,0,1,0,1,0.03,1,0,0,0,0,0,Matches
529,Jesús Vallejo\Jesus-Vallejo,es ESP,DF,Granada,22,1997,7.0,1,0.14,1,0,0,0,0,0,0.00,0,0,0,0,0,0,Matches
530,Manu Vallejo\Manu-Vallejo,es ESP,MFFW,Valencia,22,1997,4.6,11,2.37,7,0,1,1,2,1,0.22,1,0,0,0,0,0,Matches
531,Federico Valverde\Federico-Valverde,uy URU,MF,Real Madrid,21,1998,20.2,40,1.98,37,1,1,1,0,8,0.40,8,0,0,0,0,0,Matches
532,Raphaël Varane\Raphael-Varane,fr FRA,DF,Real Madrid,26,1993,31.4,11,0.35,8,1,0,2,0,1,0.03,1,0,0,0,0,0,Matches
533,Matías Vargas\Matias-Vargas,ar ARG,FWMF,Espanyol,21,1997,11.1,27,2.44,22,3,2,0,0,3,0.27,2,1,0,0,0,0,Matches
534,Franco Vázquez\Franco-Vazquez,ar ARG,MFFW,Sevilla,30,1989,12.1,24,2.11,20,0,1,1,2,3,0.26,3,0,0,0,0,0,Matches
535,Kevin Vázquez\Kevin-Vazquez,es ESP,DF,Celta Vigo,26,1993,14.7,15,1.08,11,1,1,0,2,1,0.07,1,0,0,0,0,0,Matches
536,Lucas Vázquez\Lucas-Vazquez,es ESP,MFFW,Real Madrid,28,1991,8.4,30,3.56,24,2,0,1,3,6,0.71,5,0,0,0,1,0,Matches
537,Koke Vegas\Koke-Vegas,es ESP,GK,Levante,23,1995,1.0,,,,,,,,,,,,,,,,Matches
538,Unai Vencedor Paris\Unai-Vencedor-Paris,es ESP,MF,Athletic Club,18,2000,0.8,1,1.23,1,0,0,0,0,0,0.00,0,0,0,0,0,0,Matches
539,Mikel Vesga\Mikel-Vesga,es ESP,MF,Athletic Club,26,1993,13.7,18,1.41,13,1,0,3,1,3,0.24,1,0,0,1,1,0,Matches
540,Rúben Vezo\Ruben-Vezo,pt POR,DF,Levante,25,1994,29.0,17,0.61,14,0,0,2,1,4,0.14,3,0,0,0,1,0,Matches
541,Fede Vico\Fede-Vico,es ESP,MFFW,Granada,25,1994,9.6,24,2.70,14,6,0,1,3,2,0.23,2,0,0,0,0,0,Matches
542,Aleix Vidal\Aleix-Vidal,es ESP,MF,Alavés,29,1989,24.1,69,2.88,37,19,3,2,8,8,0.33,4,2,0,0,2,0,Matches
543,Arturo Vidal\Arturo-Vidal,cl CHI,MF,Barcelona,32,1987,17.6,48,2.73,40,2,2,2,2,8,0.46,6,0,0,0,2,0,Matches
544,Nacho Vidal\Nacho-Vidal,es ESP,DF,Osasuna,24,1995,24.9,33,1.32,28,2,1,1,1,1,0.04,1,0,0,0,0,0,Matches
545,Dídac Vilà\Didac-Vila,es ESP,DF,Espanyol,30,1989,26.7,34,1.27,25,4,1,3,1,2,0.07,1,0,0,1,0,0,Matches
546,Toni Villa\Toni-Villa,es ESP,MF,Valladolid,24,1995,15.0,30,2.06,22,0,5,1,2,3,0.21,2,0,1,0,0,0,Matches
547,Asier Villalibre\Asier-Villalibre,es ESP,FW,Athletic Club,21,1997,5.2,3,0.60,3,0,0,0,0,0,0.00,0,0,0,0,0,0,Matches
548,Iván Villar\Ivan-Villar,es ESP,GK,Celta Vigo,22,1997,2.1,0,0.00,0,0,0,0,0,0,0.00,0,0,0,0,0,0,Matches
549,Juan Villar\Juan-Villar,es ESP,FW,Osasuna,31,1988,2.7,6,2.25,5,0,0,1,0,2,0.75,2,0,0,0,0,0,Matches
550,Vitolo\Vitolo,es ESP,FWMF,Atlético Madrid,29,1989,13.0,37,2.88,25,0,5,2,5,2,0.16,2,0,0,0,0,0,Matches
551,Šime Vrsaljko\Sime-Vrsaljko,hr CRO,DF,Atlético Madrid,27,1992,4.0,3,0.75,3,0,0,0,0,1,0.25,1,0,0,0,0,0,Matches
552,Nikola Vukčević\Nikola-Vukcevic,me MNE,MF,Levante,27,1991,17.4,11,0.63,10,0,0,0,1,3,0.17,3,0,0,0,0,0,Matches
553,Moussa Wagué\Moussa-Wague,sn SEN,DF,Barcelona,20,1998,1.0,0,0.00,0,0,0,0,0,0,0.00,0,0,0,0,0,0,Matches
554,Wakaso\Wakaso,gh GHA,MF,Alavés,29,1990,14.3,8,0.56,6,1,0,1,0,0,0.00,0,0,0,0,0,0,Matches
555,Daniel Wass\Daniel-Wass,dk DEN,DFMF,Valencia,30,1989,29.5,38,1.29,30,3,2,1,2,8,0.27,6,0,2,0,0,0,Matches
556,Iñaki Williams\Inaki-Williams,es ESP,FW,Athletic Club,25,1994,32.3,76,2.41,47,0,10,6,13,9,0.29,4,0,2,1,2,0,Matches
557,Yoel\Yoel,es ESP,GK,Eibar,30,1988,2.0,0,0.00,0,0,0,0,0,0,0.00,0,0,0,0,0,0,Matches
558,Okay Yokuşlu\Okay-Yokuslu,tr TUR,MF,Celta Vigo,25,1994,21.8,13,0.61,12,0,0,1,0,3,0.14,2,0,0,1,0,0,Matches
559,Joseba Zaldúa\Joseba-Zaldua,es ESP,DF,Real Sociedad,27,1992,28.3,31,1.13,24,1,1,0,5,8,0.29,6,0,0,0,2,0,Matches
560,Andre-Frank Zambo Anguissa\Andre-Frank-Zambo-Anguissa,cm CMR,MF,Villarreal,23,1995,27.7,53,1.91,41,0,4,5,3,5,0.18,2,0,0,3,0,0,Matches
561,Igor Zubeldia\Igor-Zubeldia,es ESP,MFDF,Real Sociedad,22,1997,28.3,11,0.40,11,0,0,0,0,1,0.04,1,0,0,0,0,0,Matches
562,Martín Zubimendi\Martin-Zubimendi,es ESP,MF,Real Sociedad,20,1999,5.6,8,1.83,7,0,1,0,0,0,0.00,0,0,0,0,0,0,Matches
563,David Zurutuza\David-Zurutuza,es ESP,MF,Real Sociedad,33,1986,1.7,0,0.00,0,0,0,0,0,0,0.00,0,0,0,0,0,0,Matches
564,Martin Ødegaard\Martin-Odegaard,no NOR,MF,Real Sociedad,20,1998,27.4,116,4.24,75,29,7,3,2,15,0.55,11,2,1,1,0,0,Matches